{"nm":"lottie test","ddd":0,"h":250,"w":250,"meta":{"g":"@lottiefiles/toolkit-js 0.26.1"},"layers":[{"ty":4,"nm":"Shape Layer 4","sr":1,"st":23,"op":173,"ip":23,"hd":false,"ddd":0,"bm":0,"hasMask":false,"ao":0,"ks":{"a":{"a":0,"k":[-162,-119,0],"ix":1},"s":{"a":1,"k":[{"o":{"x":0.167,"y":0.167},"i":{"x":0.833,"y":0.833},"s":[0,0,100],"t":28},{"s":[20,20,100],"t":34}],"ix":6},"sk":{"a":0,"k":0},"p":{"a":0,"k":[184.25,96.5,0],"ix":2},"r":{"a":0,"k":0,"ix":10},"sa":{"a":0,"k":0},"o":{"a":1,"k":[{"o":{"x":0.167,"y":0.167},"i":{"x":0.833,"y":0.833},"s":[100],"t":34},{"s":[0],"t":37}],"ix":11}},"ef":[],"shapes":[{"ty":"gr","bm":0,"hd":false,"mn":"ADBE Vector Group","nm":"Ellipse 1","ix":1,"cix":2,"np":3,"it":[{"ty":"el","bm":0,"hd":false,"mn":"ADBE Vector Shape - Ellipse","nm":"Ellipse Path 1","d":1,"p":{"a":0,"k":[0,0],"ix":3},"s":{"a":0,"k":[88.5,88.5],"ix":2}},{"ty":"st","bm":0,"hd":false,"mn":"ADBE Vector Graphic - Stroke","nm":"Stroke 1","lc":1,"lj":1,"ml":4,"o":{"a":0,"k":100,"ix":4},"w":{"a":0,"k":2,"ix":5},"c":{"a":0,"k":[1,1,1],"ix":3}},{"ty":"fl","bm":0,"hd":false,"mn":"ADBE Vector Graphic - Fill","nm":"Fill 1","c":{"a":0,"k":[0.9647,0,0.4706],"ix":4},"r":1,"o":{"a":0,"k":1,"ix":5}},{"ty":"tr","a":{"a":0,"k":[0,0],"ix":1},"s":{"a":0,"k":[100,100],"ix":3},"sk":{"a":0,"k":0,"ix":4},"p":{"a":0,"k":[-168.25,-130.75],"ix":2},"r":{"a":0,"k":0,"ix":6},"sa":{"a":0,"k":0,"ix":5},"o":{"a":0,"k":100,"ix":7}}]}],"ind":1},{"ty":4,"nm":"Shape Layer 3","sr":1,"st":25,"op":175,"ip":25,"hd":false,"ddd":0,"bm":0,"hasMask":false,"ao":0,"ks":{"a":{"a":0,"k":[-162,-119,0],"ix":1},"s":{"a":1,"k":[{"o":{"x":0.167,"y":0.167},"i":{"x":0.833,"y":0.833},"s":[0,0,100],"t":32},{"s":[50,50,100],"t":36}],"ix":6},"sk":{"a":0,"k":0},"p":{"a":0,"k":[184.25,96.5,0],"ix":2},"r":{"a":0,"k":0,"ix":10},"sa":{"a":0,"k":0},"o":{"a":1,"k":[{"o":{"x":0.167,"y":0.167},"i":{"x":0.833,"y":0.833},"s":[100],"t":36},{"s":[0],"t":39}],"ix":11}},"ef":[],"shapes":[{"ty":"gr","bm":0,"hd":false,"mn":"ADBE Vector Group","nm":"Ellipse 1","ix":1,"cix":2,"np":3,"it":[{"ty":"el","bm":0,"hd":false,"mn":"ADBE Vector Shape - Ellipse","nm":"Ellipse Path 1","d":1,"p":{"a":0,"k":[0,0],"ix":3},"s":{"a":0,"k":[88.5,88.5],"ix":2}},{"ty":"st","bm":0,"hd":false,"mn":"ADBE Vector Graphic - Stroke","nm":"Stroke 1","lc":1,"lj":1,"ml":4,"o":{"a":0,"k":100,"ix":4},"w":{"a":0,"k":2,"ix":5},"c":{"a":0,"k":[1,1,1],"ix":3}},{"ty":"fl","bm":0,"hd":false,"mn":"ADBE Vector Graphic - Fill","nm":"Fill 1","c":{"a":0,"k":[0.9647,0,0.4706],"ix":4},"r":1,"o":{"a":0,"k":1,"ix":5}},{"ty":"tr","a":{"a":0,"k":[0,0],"ix":1},"s":{"a":0,"k":[100,100],"ix":3},"sk":{"a":0,"k":0,"ix":4},"p":{"a":0,"k":[-168.25,-130.75],"ix":2},"r":{"a":0,"k":0,"ix":6},"sa":{"a":0,"k":0,"ix":5},"o":{"a":0,"k":100,"ix":7}}]}],"ind":2},{"ty":4,"nm":"Shape Layer 2","sr":1,"st":5,"op":155,"ip":5,"hd":false,"ddd":0,"bm":0,"hasMask":false,"ao":0,"ks":{"a":{"a":0,"k":[-162,-119,0],"ix":1},"s":{"a":1,"k":[{"o":{"x":0.167,"y":0.167},"i":{"x":0.833,"y":0.833},"s":[0,0,100],"t":10},{"s":[20,20,100],"t":16}],"ix":6},"sk":{"a":0,"k":0},"p":{"a":0,"k":[67,55.75,0],"ix":2},"r":{"a":0,"k":0,"ix":10},"sa":{"a":0,"k":0},"o":{"a":1,"k":[{"o":{"x":0.167,"y":0.167},"i":{"x":0.833,"y":0.833},"s":[100],"t":16},{"s":[0],"t":19}],"ix":11}},"ef":[],"shapes":[{"ty":"gr","bm":0,"hd":false,"mn":"ADBE Vector Group","nm":"Ellipse 1","ix":1,"cix":2,"np":3,"it":[{"ty":"el","bm":0,"hd":false,"mn":"ADBE Vector Shape - Ellipse","nm":"Ellipse Path 1","d":1,"p":{"a":0,"k":[0,0],"ix":3},"s":{"a":0,"k":[88.5,88.5],"ix":2}},{"ty":"st","bm":0,"hd":false,"mn":"ADBE Vector Graphic - Stroke","nm":"Stroke 1","lc":1,"lj":1,"ml":4,"o":{"a":0,"k":100,"ix":4},"w":{"a":0,"k":5,"ix":5},"c":{"a":0,"k":[1,1,1],"ix":3}},{"ty":"fl","bm":0,"hd":false,"mn":"ADBE Vector Graphic - Fill","nm":"Fill 1","c":{"a":0,"k":[0.9647,0,0.4706],"ix":4},"r":1,"o":{"a":0,"k":1,"ix":5}},{"ty":"tr","a":{"a":0,"k":[0,0],"ix":1},"s":{"a":0,"k":[100,100],"ix":3},"sk":{"a":0,"k":0,"ix":4},"p":{"a":0,"k":[-168.25,-130.75],"ix":2},"r":{"a":0,"k":0,"ix":6},"sa":{"a":0,"k":0,"ix":5},"o":{"a":0,"k":100,"ix":7}}]}],"ind":3},{"ty":4,"nm":"Shape Layer 1","sr":1,"st":7,"op":157,"ip":7,"hd":false,"ddd":0,"bm":0,"hasMask":false,"ao":0,"ks":{"a":{"a":0,"k":[-162,-119,0],"ix":1},"s":{"a":1,"k":[{"o":{"x":0.167,"y":0.167},"i":{"x":0.833,"y":0.833},"s":[0,0,100],"t":14},{"s":[50,50,100],"t":18}],"ix":6},"sk":{"a":0,"k":0},"p":{"a":0,"k":[67,55.75,0],"ix":2},"r":{"a":0,"k":0,"ix":10},"sa":{"a":0,"k":0},"o":{"a":1,"k":[{"o":{"x":0.167,"y":0.167},"i":{"x":0.833,"y":0.833},"s":[100],"t":18},{"s":[0],"t":21}],"ix":11}},"ef":[],"shapes":[{"ty":"gr","bm":0,"hd":false,"mn":"ADBE Vector Group","nm":"Ellipse 1","ix":1,"cix":2,"np":3,"it":[{"ty":"el","bm":0,"hd":false,"mn":"ADBE Vector Shape - Ellipse","nm":"Ellipse Path 1","d":1,"p":{"a":0,"k":[0,0],"ix":3},"s":{"a":0,"k":[88.5,88.5],"ix":2}},{"ty":"st","bm":0,"hd":false,"mn":"ADBE Vector Graphic - Stroke","nm":"Stroke 1","lc":1,"lj":1,"ml":4,"o":{"a":0,"k":100,"ix":4},"w":{"a":0,"k":5,"ix":5},"c":{"a":0,"k":[1,1,1],"ix":3}},{"ty":"fl","bm":0,"hd":false,"mn":"ADBE Vector Graphic - Fill","nm":"Fill 1","c":{"a":0,"k":[0.9647,0,0.4706],"ix":4},"r":1,"o":{"a":0,"k":1,"ix":5}},{"ty":"tr","a":{"a":0,"k":[0,0],"ix":1},"s":{"a":0,"k":[100,100],"ix":3},"sk":{"a":0,"k":0,"ix":4},"p":{"a":0,"k":[-168.25,-130.75],"ix":2},"r":{"a":0,"k":0,"ix":6},"sa":{"a":0,"k":0,"ix":5},"o":{"a":0,"k":100,"ix":7}}]}],"ind":4},{"ty":4,"nm":"1 Outlines","sr":1,"st":0,"op":150.15015015015,"ip":0,"hd":false,"ddd":0,"bm":0,"hasMask":false,"ao":0,"ks":{"a":{"a":0,"k":[23.755,22.304,0],"ix":1},"s":{"a":1,"k":[{"o":{"x":1,"y":0},"i":{"x":0,"y":1},"s":[0,0,100],"t":34},{"o":{"x":0.333,"y":0},"i":{"x":0.667,"y":1},"s":[50,50,100],"t":43},{"o":{"x":1,"y":0},"i":{"x":0,"y":1},"s":[50,50,100],"t":70},{"s":[0,0,100],"t":78}],"ix":6},"sk":{"a":0,"k":0},"p":{"a":0,"k":[173.8,97.61,0],"ix":2},"r":{"a":0,"k":0,"ix":10},"sa":{"a":0,"k":0},"o":{"a":0,"k":100,"ix":11}},"ef":[],"shapes":[{"ty":"gr","bm":0,"hd":false,"mn":"ADBE Vector Group","nm":"Group 1","ix":1,"cix":2,"np":2,"it":[{"ty":"sh","bm":0,"hd":false,"mn":"ADBE Vector Shape - Group","nm":"Path 1","ix":1,"d":1,"ks":{"a":0,"k":{"c":true,"i":[[0,0],[0,0],[0,0],[0,0],[0,0],[0,0]],"o":[[0,0],[0,0],[0,0],[0,0],[0,0],[0,0]],"v":[[4.081,10.979],[-0.127,10.979],[-0.127,-7.024],[-4.081,-6.92],[-4.081,-10.146],[4.081,-10.979]]},"ix":2}},{"ty":"fl","bm":0,"hd":false,"mn":"ADBE Vector Graphic - Fill","nm":"Fill 1","c":{"a":0,"k":[1,1,1],"ix":4},"r":1,"o":{"a":0,"k":100,"ix":5}},{"ty":"tr","a":{"a":0,"k":[0,0],"ix":1},"s":{"a":0,"k":[100,100],"ix":3},"sk":{"a":0,"k":0,"ix":4},"p":{"a":0,"k":[24.238,22.304],"ix":2},"r":{"a":0,"k":0,"ix":6},"sa":{"a":0,"k":0,"ix":5},"o":{"a":0,"k":100,"ix":7}}]},{"ty":"gr","bm":0,"hd":false,"mn":"ADBE Vector Group","nm":"Group 2","ix":2,"cix":2,"np":2,"it":[{"ty":"sh","bm":0,"hd":false,"mn":"ADBE Vector Shape - Group","nm":"Path 1","ix":1,"d":1,"ks":{"a":0,"k":{"c":true,"i":[[0,0],[0,0],[0,0],[0,0],[0,0],[0,0]],"o":[[0,0],[0,0],[0,0],[0,0],[0,0],[0,0]],"v":[[4.12,11.084],[-0.128,11.084],[-0.128,-7.091],[-4.12,-6.987],[-4.12,-10.244],[4.12,-11.084]]},"ix":2}},{"ty":"fl","bm":0,"hd":false,"mn":"ADBE Vector Graphic - Fill","nm":"Fill 1","c":{"a":0,"k":[0.8314,0,0.2353],"ix":4},"r":1,"o":{"a":0,"k":100,"ix":5}},{"ty":"tr","a":{"a":0,"k":[0,0],"ix":1},"s":{"a":0,"k":[100,100],"ix":3},"sk":{"a":0,"k":0,"ix":4},"p":{"a":0,"k":[26.172,22.199],"ix":2},"r":{"a":0,"k":0,"ix":6},"sa":{"a":0,"k":0,"ix":5},"o":{"a":0,"k":100,"ix":7}}]},{"ty":"gr","bm":0,"hd":false,"mn":"ADBE Vector Group","nm":"Group 3","ix":3,"cix":2,"np":2,"it":[{"ty":"sh","bm":0,"hd":false,"mn":"ADBE Vector Shape - Group","nm":"Path 1","ix":1,"d":1,"ks":{"a":0,"k":{"c":true,"i":[[0,-12.18],[12.18,0],[0,12.18],[-12.18,0]],"o":[[0,12.18],[-12.18,0],[0,-12.18],[12.18,0]],"v":[[22.054,0],[0,22.054],[-22.054,0],[0,-22.054]]},"ix":2}},{"ty":"fl","bm":0,"hd":false,"mn":"ADBE Vector Graphic - Fill","nm":"Fill 1","c":{"a":0,"k":[0.9647,0,0.4706],"ix":4},"r":1,"o":{"a":0,"k":100,"ix":5}},{"ty":"tr","a":{"a":0,"k":[0,0],"ix":1},"s":{"a":0,"k":[100,100],"ix":3},"sk":{"a":0,"k":0,"ix":4},"p":{"a":0,"k":[25.205,22.304],"ix":2},"r":{"a":0,"k":0,"ix":6},"sa":{"a":0,"k":0,"ix":5},"o":{"a":0,"k":100,"ix":7}}]},{"ty":"gr","bm":0,"hd":false,"mn":"ADBE Vector Group","nm":"Group 4","ix":4,"cix":2,"np":2,"it":[{"ty":"sh","bm":0,"hd":false,"mn":"ADBE Vector Shape - Group","nm":"Path 1","ix":1,"d":1,"ks":{"a":0,"k":{"c":true,"i":[[0,-12.18],[12.18,0],[0,12.18],[-12.18,0]],"o":[[0,12.18],[-12.18,0],[0,-12.18],[12.18,0]],"v":[[22.054,0],[0,22.054],[-22.054,0],[0,-22.054]]},"ix":2}},{"ty":"fl","bm":0,"hd":false,"mn":"ADBE Vector Graphic - Fill","nm":"Fill 1","c":{"a":0,"k":[0.8314,0,0.2353],"ix":4},"r":1,"o":{"a":0,"k":100,"ix":5}},{"ty":"tr","a":{"a":0,"k":[0,0],"ix":1},"s":{"a":0,"k":[100,100],"ix":3},"sk":{"a":0,"k":0,"ix":4},"p":{"a":0,"k":[22.304,22.304],"ix":2},"r":{"a":0,"k":0,"ix":6},"sa":{"a":0,"k":0,"ix":5},"o":{"a":0,"k":100,"ix":7}}]}],"ind":5},{"ty":4,"nm":"2 Outlines","sr":1,"st":0,"op":150.15015015015,"ip":0,"hd":false,"ddd":0,"bm":0,"hasMask":false,"ao":0,"ks":{"a":{"a":0,"k":[5.047,71.213,0],"ix":1},"s":{"a":1,"k":[{"o":{"x":1,"y":0},"i":{"x":0,"y":1},"s":[0,0,100],"t":25},{"o":{"x":0.167,"y":0},"i":{"x":0.667,"y":1},"s":[50,50,100],"t":34},{"o":{"x":1,"y":0},"i":{"x":0,"y":1},"s":[50,50,100],"t":78},{"s":[0,0,100],"t":86}],"ix":6},"sk":{"a":0,"k":0},"p":{"a":0,"k":[120.86,133.09,0],"ix":2},"r":{"a":0,"k":0,"ix":10},"sa":{"a":0,"k":0},"o":{"a":0,"k":100,"ix":11}},"ef":[],"shapes":[{"ty":"gr","bm":0,"hd":false,"mn":"ADBE Vector Group","nm":"Group 1","ix":1,"cix":2,"np":2,"it":[{"ty":"sh","bm":0,"hd":false,"mn":"ADBE Vector Shape - Group","nm":"Path 1","ix":1,"d":1,"ks":{"a":0,"k":{"c":true,"i":[[0,0],[0,0],[0,0],[0,0],[0,0],[0,0]],"o":[[0,0],[0,0],[0,0],[0,0],[0,0],[0,0]],"v":[[0,21.561],[-53.849,-20.423],[-52.962,-21.561],[0,19.732],[52.962,-21.561],[53.849,-20.423]]},"ix":2}},{"ty":"fl","bm":0,"hd":false,"mn":"ADBE Vector Graphic - Fill","nm":"Fill 1","c":{"a":0,"k":[0.8,0.3451,0.2],"ix":4},"r":1,"o":{"a":0,"k":100,"ix":5}},{"ty":"tr","a":{"a":0,"k":[0,0],"ix":1},"s":{"a":0,"k":[100,100],"ix":3},"sk":{"a":0,"k":0,"ix":4},"p":{"a":0,"k":[62.593,23.461],"ix":2},"r":{"a":0,"k":0,"ix":6},"sa":{"a":0,"k":0,"ix":5},"o":{"a":0,"k":100,"ix":7}}]},{"ty":"gr","bm":0,"hd":false,"mn":"ADBE Vector Group","nm":"Group 2","ix":2,"cix":2,"np":2,"it":[{"ty":"sh","bm":0,"hd":false,"mn":"ADBE Vector Shape - Group","nm":"Path 1","ix":1,"d":1,"ks":{"a":0,"k":{"c":true,"i":[[0,0],[0,0],[2.213,0],[0,0],[1.523,-1.374]],"o":[[0,0],[-1.524,-1.374],[0,0],[-2.213,0],[0,0]],"v":[[0,21.928],[53.405,-19.71],[47.659,-21.928],[-47.66,-21.928],[-53.405,-19.71]]},"ix":2}},{"ty":"fl","bm":0,"hd":false,"mn":"ADBE Vector Graphic - Fill","nm":"Fill 1","c":{"a":0,"k":[1,0.651,0.3922],"ix":4},"r":1,"o":{"a":0,"k":100,"ix":5}},{"ty":"tr","a":{"a":0,"k":[0,0],"ix":1},"s":{"a":0,"k":[100,100],"ix":3},"sk":{"a":0,"k":0,"ix":4},"p":{"a":0,"k":[62.594,22.179],"ix":2},"r":{"a":0,"k":0,"ix":6},"sa":{"a":0,"k":0,"ix":5},"o":{"a":0,"k":100,"ix":7}}]},{"ty":"gr","bm":0,"hd":false,"mn":"ADBE Vector Group","nm":"Group 3","ix":3,"cix":2,"np":2,"it":[{"ty":"sh","bm":0,"hd":false,"mn":"ADBE Vector Shape - Group","nm":"Path 1","ix":1,"d":1,"ks":{"a":0,"k":{"c":true,"i":[[0,0],[0,0],[-2.213,0],[0,0],[-1.524,1.374]],"o":[[0,0],[1.523,1.374],[0,0],[2.213,0],[0,0]],"v":[[0,-21.928],[-53.405,19.711],[-47.66,21.928],[47.659,21.928],[53.405,19.711]]},"ix":2}},{"ty":"fl","bm":0,"hd":false,"mn":"ADBE Vector Graphic - Fill","nm":"Fill 1","c":{"a":0,"k":[0.9098,0.5098,0.2118],"ix":4},"r":1,"o":{"a":0,"k":100,"ix":5}},{"ty":"tr","a":{"a":0,"k":[0,0],"ix":1},"s":{"a":0,"k":[100,100],"ix":3},"sk":{"a":0,"k":0,"ix":4},"p":{"a":0,"k":[62.594,52.247],"ix":2},"r":{"a":0,"k":0,"ix":6},"sa":{"a":0,"k":0,"ix":5},"o":{"a":0,"k":100,"ix":7}}]},{"ty":"gr","bm":0,"hd":false,"mn":"ADBE Vector Group","nm":"Group 4","ix":4,"cix":2,"np":2,"it":[{"ty":"sh","bm":0,"hd":false,"mn":"ADBE Vector Shape - Group","nm":"Path 1","ix":1,"d":1,"ks":{"a":0,"k":{"c":true,"i":[[5.451,0],[0,0],[0,5.451],[0,0],[-5.45,0],[0,0],[0,-5.45],[0,0]],"o":[[0,0],[-5.45,0],[0,0],[0,-5.45],[0,0],[5.451,0],[0,0],[0,5.451]],"v":[[46.381,36.962],[-46.381,36.962],[-56.25,27.094],[-56.25,-27.094],[-46.381,-36.962],[46.381,-36.962],[56.25,-27.094],[56.25,27.094]]},"ix":2}},{"ty":"fl","bm":0,"hd":false,"mn":"ADBE Vector Graphic - Fill","nm":"Fill 1","c":{"a":0,"k":[0.9765,0.5804,0.2549],"ix":4},"r":1,"o":{"a":0,"k":100,"ix":5}},{"ty":"tr","a":{"a":0,"k":[0,0],"ix":1},"s":{"a":0,"k":[100,100],"ix":3},"sk":{"a":0,"k":0,"ix":4},"p":{"a":0,"k":[62.593,37.213],"ix":2},"r":{"a":0,"k":0,"ix":6},"sa":{"a":0,"k":0,"ix":5},"o":{"a":0,"k":100,"ix":7}}]},{"ty":"gr","bm":0,"hd":false,"mn":"ADBE Vector Group","nm":"Group 5","ix":5,"cix":2,"np":2,"it":[{"ty":"sh","bm":0,"hd":false,"mn":"ADBE Vector Shape - Group","nm":"Path 1","ix":1,"d":1,"ks":{"a":0,"k":{"c":true,"i":[[5.451,0],[0,0],[0,5.451],[0,0],[-5.45,0],[0,0],[0,-5.45],[0,0]],"o":[[0,0],[-5.45,0],[0,0],[0,-5.45],[0,0],[5.451,0],[0,0],[0,5.451]],"v":[[46.381,36.962],[-46.381,36.962],[-56.25,27.094],[-56.25,-27.094],[-46.381,-36.962],[46.381,-36.962],[56.25,-27.094],[56.25,27.094]]},"ix":2}},{"ty":"fl","bm":0,"hd":false,"mn":"ADBE Vector Graphic - Fill","nm":"Fill 1","c":{"a":0,"k":[1,0.651,0.3922],"ix":4},"r":1,"o":{"a":0,"k":100,"ix":5}},{"ty":"tr","a":{"a":0,"k":[0,0],"ix":1},"s":{"a":0,"k":[100,100],"ix":3},"sk":{"a":0,"k":0,"ix":4},"p":{"a":0,"k":[56.5,37.213],"ix":2},"r":{"a":0,"k":0,"ix":6},"sa":{"a":0,"k":0,"ix":5},"o":{"a":0,"k":100,"ix":7}}]}],"ind":6},{"ty":4,"nm":"3 Outlines","sr":1,"st":0,"op":150.15015015015,"ip":0,"hd":false,"ddd":0,"bm":0,"hasMask":false,"ao":0,"ks":{"a":{"a":0,"k":[2.137,113.909,0],"ix":1},"s":{"a":0,"k":[100,100,100],"ix":6},"sk":{"a":0,"k":0},"p":{"a":0,"k":[1.137,112.909,0],"ix":2},"r":{"a":0,"k":0,"ix":10},"sa":{"a":0,"k":0},"o":{"a":0,"k":100,"ix":11}},"ef":[],"shapes":[{"ty":"gr","bm":0,"hd":false,"mn":"ADBE Vector Group","nm":"Group 1","ix":1,"cix":2,"np":4,"it":[{"ty":"sh","bm":0,"hd":false,"mn":"ADBE Vector Shape - Group","nm":"Path 1","ix":1,"d":1,"ks":{"a":0,"k":{"c":true,"i":[[0,0],[0,-9.341],[0,0],[0,0],[0,0],[0,9.341],[0,0],[9.341,0]],"o":[[-9.341,0],[0,0],[0,0],[0,0],[9.341,0],[0,0],[0,-9.341],[0,0]],"v":[[-56.446,-56.159],[-73.387,-39.218],[-73.387,53.8],[-54.998,37.98],[56.446,37.98],[73.387,21.039],[73.387,-39.218],[56.446,-56.159]]},"ix":2}},{"ty":"sh","bm":0,"hd":false,"mn":"ADBE Vector Shape - Group","nm":"Path 2","ix":2,"d":1,"ks":{"a":0,"k":{"c":true,"i":[[0,0],[0,0],[-10.444,0],[0,0],[0,-10.444],[0,0],[10.443,0],[0,0]],"o":[[0,0],[0,-10.444],[0,0],[10.443,0],[0,0],[0,10.444],[0,0],[0,0]],"v":[[-75.387,58.159],[-75.387,-39.218],[-56.446,-58.159],[56.446,-58.159],[75.387,-39.218],[75.387,21.039],[56.446,39.98],[-54.256,39.98]]},"ix":2}},{"ty":"mm","bm":0,"hd":false,"mn":"ADBE Vector Filter - Merge","nm":"Merge Paths 1","mm":1},{"ty":"fl","bm":0,"hd":false,"mn":"ADBE Vector Graphic - Fill","nm":"Fill 1","c":{"a":0,"k":[0.2392,0.8627,0.8431],"ix":4},"r":1,"o":{"a":0,"k":100,"ix":5}},{"ty":"tr","a":{"a":0,"k":[0,0],"ix":1},"s":{"a":0,"k":[100,100],"ix":3},"sk":{"a":0,"k":0,"ix":4},"p":{"a":0,"k":[75.637,58.409],"ix":2},"r":{"a":0,"k":0,"ix":6},"sa":{"a":0,"k":0,"ix":5},"o":{"a":0,"k":100,"ix":7}}]}],"ind":7,"parent":8},{"ty":4,"nm":"4 Outlines","sr":1,"st":0,"op":150.15015015015,"ip":0,"hd":false,"ddd":0,"bm":0,"hasMask":false,"ao":0,"ks":{"a":{"a":0,"k":[0.637,112.32,0],"ix":1},"s":{"a":1,"k":[{"o":{"x":0.333,"y":0},"i":{"x":0.086,"y":1},"s":[50,0,100],"t":10},{"o":{"x":0.167,"y":0},"i":{"x":0.667,"y":1},"s":[50,50,100],"t":25},{"o":{"x":0.982,"y":0},"i":{"x":0.667,"y":1},"s":[50,50,100],"t":86},{"s":[50,0,100],"t":99}],"ix":6},"sk":{"a":0,"k":0},"p":{"a":0,"k":[111.36,148.67,0],"ix":2},"r":{"a":0,"k":0,"ix":10},"sa":{"a":0,"k":0},"o":{"a":0,"k":100,"ix":11}},"ef":[],"shapes":[{"ty":"gr","bm":0,"hd":false,"mn":"ADBE Vector Group","nm":"Group 1","ix":1,"cix":2,"np":2,"it":[{"ty":"sh","bm":0,"hd":false,"mn":"ADBE Vector Shape - Group","nm":"Path 1","ix":1,"d":1,"ks":{"a":0,"k":{"c":true,"i":[[9.908,0],[0,0],[0,-9.909],[0,0],[0,0],[0,0],[0,9.908],[0,0]],"o":[[0,0],[-9.908,0],[0,0],[0,0],[0,0],[9.908,0],[0,0],[0,-9.909]],"v":[[56.446,-56.57],[-56.446,-56.57],[-74.387,-38.628],[-74.387,56.57],[-54.627,39.57],[56.446,39.57],[74.387,21.628],[74.387,-38.628]]},"ix":2}},{"ty":"fl","bm":0,"hd":false,"mn":"ADBE Vector Graphic - Fill","nm":"Fill 1","c":{"a":0,"k":[1,1,1],"ix":4},"r":1,"o":{"a":0,"k":100,"ix":5}},{"ty":"tr","a":{"a":0,"k":[0,0],"ix":1},"s":{"a":0,"k":[100,100],"ix":3},"sk":{"a":0,"k":0,"ix":4},"p":{"a":0,"k":[74.637,56.82],"ix":2},"r":{"a":0,"k":0,"ix":6},"sa":{"a":0,"k":0,"ix":5},"o":{"a":0,"k":100,"ix":7}}]}],"ind":8},{"ty":4,"nm":"5 Outlines","sr":1,"st":0,"op":150.15015015015,"ip":0,"hd":false,"ddd":0,"bm":0,"hasMask":false,"ao":0,"ks":{"a":{"a":0,"k":[96.914,144.008,0],"ix":1},"s":{"a":0,"k":[50,50,100],"ix":6},"sk":{"a":0,"k":0},"p":{"a":1,"k":[{"o":{"x":0.333,"y":0},"i":{"x":0,"y":1},"s":[105.4,325.73,0],"t":0},{"o":{"x":0.167,"y":0.167},"i":{"x":0,"y":0},"s":[105.4,126.44,0],"t":10},{"o":{"x":1,"y":0},"i":{"x":0.667,"y":1},"s":[105.4,126.44,0],"t":99},{"s":[105.4,325.73,0],"t":110}],"ix":2},"r":{"a":1,"k":[{"o":{"x":0.167,"y":0.167},"i":{"x":0.833,"y":0.833},"s":[0],"t":15},{"o":{"x":0.167,"y":0.167},"i":{"x":0.833,"y":0.833},"s":[2.738],"t":18},{"o":{"x":0.167,"y":0.167},"i":{"x":0.833,"y":0.833},"s":[1.093],"t":19},{"o":{"x":0.167,"y":0.167},"i":{"x":0.833,"y":0.833},"s":[2.738],"t":20},{"o":{"x":0.167,"y":0.167},"i":{"x":0.833,"y":0.833},"s":[1.093],"t":21},{"o":{"x":0.167,"y":0.167},"i":{"x":0.833,"y":0.833},"s":[0],"t":24},{"o":{"x":0.167,"y":0.167},"i":{"x":0.833,"y":0.833},"s":[0],"t":26},{"o":{"x":0.167,"y":0.167},"i":{"x":0.833,"y":0.833},"s":[2.738],"t":29},{"o":{"x":0.167,"y":0.167},"i":{"x":0.833,"y":0.833},"s":[1.093],"t":30},{"o":{"x":0.167,"y":0.167},"i":{"x":0.833,"y":0.833},"s":[2.738],"t":31},{"o":{"x":0.167,"y":0.167},"i":{"x":0.833,"y":0.833},"s":[1.093],"t":32},{"o":{"x":0.167,"y":0.167},"i":{"x":0.833,"y":0.833},"s":[0],"t":35},{"o":{"x":0.167,"y":0.167},"i":{"x":0.833,"y":0.833},"s":[0],"t":47},{"o":{"x":0.167,"y":0.167},"i":{"x":0.833,"y":0.833},"s":[2.738],"t":50},{"o":{"x":0.167,"y":0.167},"i":{"x":0.833,"y":0.833},"s":[1.093],"t":51},{"o":{"x":0.167,"y":0.167},"i":{"x":0.833,"y":0.833},"s":[2.738],"t":52},{"o":{"x":0.167,"y":0.167},"i":{"x":0.833,"y":0.833},"s":[1.093],"t":53},{"o":{"x":0.167,"y":0.167},"i":{"x":0.833,"y":0.833},"s":[0],"t":56},{"o":{"x":0.167,"y":0.167},"i":{"x":0.833,"y":0.833},"s":[0],"t":72},{"o":{"x":0.167,"y":0.167},"i":{"x":0.833,"y":0.833},"s":[2.738],"t":75},{"o":{"x":0.167,"y":0.167},"i":{"x":0.833,"y":0.833},"s":[1.093],"t":76},{"o":{"x":0.167,"y":0.167},"i":{"x":0.833,"y":0.833},"s":[2.738],"t":77},{"o":{"x":0.167,"y":0.167},"i":{"x":0.833,"y":0.833},"s":[1.093],"t":78},{"o":{"x":0.167,"y":0.167},"i":{"x":0.833,"y":0.833},"s":[0],"t":81},{"o":{"x":0.167,"y":0.167},"i":{"x":0.833,"y":0.833},"s":[0],"t":83},{"o":{"x":0.167,"y":0.167},"i":{"x":0.833,"y":0.833},"s":[2.738],"t":86},{"o":{"x":0.167,"y":0.167},"i":{"x":0.833,"y":0.833},"s":[1.093],"t":87},{"o":{"x":0.167,"y":0.167},"i":{"x":0.833,"y":0.833},"s":[2.738],"t":88},{"o":{"x":0.167,"y":0.167},"i":{"x":0.833,"y":0.833},"s":[1.093],"t":89},{"s":[0],"t":92}],"ix":10},"sa":{"a":0,"k":0},"o":{"a":0,"k":100,"ix":11}},"ef":[],"shapes":[{"ty":"gr","bm":0,"hd":false,"mn":"ADBE Vector Group","nm":"Group 1","ix":1,"cix":2,"np":2,"it":[{"ty":"sh","bm":0,"hd":false,"mn":"ADBE Vector Shape - Group","nm":"Path 1","ix":1,"d":1,"ks":{"a":0,"k":{"c":true,"i":[[2.28,0],[0,0],[0.292,2.28],[0,0],[-2.279,0],[-0.293,-2.28],[0,0]],"o":[[0,0],[-2.28,0],[0,0],[-0.292,-2.28],[2.28,0],[0,0],[0.293,2.28]],"v":[[1.78,13.869],[1.78,13.869],[-2.878,9.742],[-5.378,-9.742],[-1.781,-13.869],[2.878,-9.742],[5.378,9.742]]},"ix":2}},{"ty":"fl","bm":0,"hd":false,"mn":"ADBE Vector Graphic - Fill","nm":"Fill 1","c":{"a":0,"k":[0.0667,0.7176,0.698],"ix":4},"r":1,"o":{"a":0,"k":100,"ix":5}},{"ty":"tr","a":{"a":0,"k":[0,0],"ix":1},"s":{"a":0,"k":[100,100],"ix":3},"sk":{"a":0,"k":0,"ix":4},"p":{"a":0,"k":[13.287,87.086],"ix":2},"r":{"a":0,"k":0,"ix":6},"sa":{"a":0,"k":0,"ix":5},"o":{"a":0,"k":100,"ix":7}}]},{"ty":"gr","bm":0,"hd":false,"mn":"ADBE Vector Group","nm":"Group 2","ix":2,"cix":2,"np":2,"it":[{"ty":"sh","bm":0,"hd":false,"mn":"ADBE Vector Shape - Group","nm":"Path 1","ix":1,"d":1,"ks":{"a":0,"k":{"c":true,"i":[[2.28,0],[0,0],[0.292,2.28],[0,0],[-2.279,0],[0,0],[-0.293,-2.28],[0,0]],"o":[[0,0],[-2.28,0],[0,0],[-0.292,-2.28],[0,0],[2.28,0],[0,0],[0.293,2.28]],"v":[[3.28,13.869],[0.28,13.869],[-4.378,9.742],[-6.878,-9.742],[-3.281,-13.869],[-0.281,-13.869],[4.378,-9.742],[6.878,9.742]]},"ix":2}},{"ty":"fl","bm":0,"hd":false,"mn":"ADBE Vector Graphic - Fill","nm":"Fill 1","c":{"a":0,"k":[0.2392,0.8627,0.8431],"ix":4},"r":1,"o":{"a":0,"k":100,"ix":5}},{"ty":"tr","a":{"a":0,"k":[0,0],"ix":1},"s":{"a":0,"k":[100,100],"ix":3},"sk":{"a":0,"k":0,"ix":4},"p":{"a":0,"k":[14.787,87.086],"ix":2},"r":{"a":0,"k":0,"ix":6},"sa":{"a":0,"k":0,"ix":5},"o":{"a":0,"k":100,"ix":7}}]},{"ty":"gr","bm":0,"hd":false,"mn":"ADBE Vector Group","nm":"Group 3","ix":3,"cix":2,"np":2,"it":[{"ty":"sh","bm":0,"hd":false,"mn":"ADBE Vector Shape - Group","nm":"Path 1","ix":1,"d":1,"ks":{"a":0,"k":{"c":true,"i":[[2.28,0],[0,0],[0.292,2.28],[0,0],[-2.28,0],[-0.292,-2.28],[0,0]],"o":[[0,0],[-2.279,0],[0,0],[-0.293,-2.28],[2.279,0],[0,0],[0.293,2.28]],"v":[[1.78,13.869],[1.78,13.869],[-2.878,9.742],[-5.378,-9.742],[-1.779,-13.869],[2.878,-9.742],[5.378,9.742]]},"ix":2}},{"ty":"fl","bm":0,"hd":false,"mn":"ADBE Vector Graphic - Fill","nm":"Fill 1","c":{"a":0,"k":[0.0667,0.7176,0.698],"ix":4},"r":1,"o":{"a":0,"k":100,"ix":5}},{"ty":"tr","a":{"a":0,"k":[0,0],"ix":1},"s":{"a":0,"k":[100,100],"ix":3},"sk":{"a":0,"k":0,"ix":4},"p":{"a":0,"k":[18.286,126.045],"ix":2},"r":{"a":0,"k":0,"ix":6},"sa":{"a":0,"k":0,"ix":5},"o":{"a":0,"k":100,"ix":7}}]},{"ty":"gr","bm":0,"hd":false,"mn":"ADBE Vector Group","nm":"Group 4","ix":4,"cix":2,"np":2,"it":[{"ty":"sh","bm":0,"hd":false,"mn":"ADBE Vector Shape - Group","nm":"Path 1","ix":1,"d":1,"ks":{"a":0,"k":{"c":true,"i":[[2.28,0],[0,0],[0.292,2.28],[0,0],[-2.28,0],[0,0],[-0.292,-2.28],[0,0]],"o":[[0,0],[-2.279,0],[0,0],[-0.293,-2.28],[0,0],[2.279,0],[0,0],[0.293,2.28]],"v":[[3.28,13.869],[0.28,13.869],[-4.378,9.742],[-6.878,-9.742],[-3.279,-13.869],[-0.279,-13.869],[4.378,-9.742],[6.878,9.742]]},"ix":2}},{"ty":"fl","bm":0,"hd":false,"mn":"ADBE Vector Graphic - Fill","nm":"Fill 1","c":{"a":0,"k":[0.2392,0.8627,0.8431],"ix":4},"r":1,"o":{"a":0,"k":100,"ix":5}},{"ty":"tr","a":{"a":0,"k":[0,0],"ix":1},"s":{"a":0,"k":[100,100],"ix":3},"sk":{"a":0,"k":0,"ix":4},"p":{"a":0,"k":[19.786,126.045],"ix":2},"r":{"a":0,"k":0,"ix":6},"sa":{"a":0,"k":0,"ix":5},"o":{"a":0,"k":100,"ix":7}}]},{"ty":"gr","bm":0,"hd":false,"mn":"ADBE Vector Group","nm":"Group 5","ix":5,"cix":2,"np":2,"it":[{"ty":"sh","bm":0,"hd":false,"mn":"ADBE Vector Shape - Group","nm":"Path 1","ix":1,"d":1,"ks":{"a":0,"k":{"c":true,"i":[[-0.167,-1.302],[1.302,0],[0.167,1.301],[-1.301,0]],"o":[[0.167,1.301],[-1.301,0],[-0.167,-1.302],[1.302,0]],"v":[[2.357,0],[0.303,2.356],[-2.357,0],[-0.303,-2.356]]},"ix":2}},{"ty":"fl","bm":0,"hd":false,"mn":"ADBE Vector Graphic - Fill","nm":"Fill 1","c":{"a":0,"k":[0.0667,0.7176,0.698],"ix":4},"r":1,"o":{"a":0,"k":100,"ix":5}},{"ty":"tr","a":{"a":0,"k":[0,0],"ix":1},"s":{"a":0,"k":[100,100],"ix":3},"sk":{"a":0,"k":0,"ix":4},"p":{"a":0,"k":[105.127,11.282],"ix":2},"r":{"a":0,"k":0,"ix":6},"sa":{"a":0,"k":0,"ix":5},"o":{"a":0,"k":100,"ix":7}}]},{"ty":"gr","bm":0,"hd":false,"mn":"ADBE Vector Group","nm":"Group 6","ix":6,"cix":2,"np":2,"it":[{"ty":"sh","bm":0,"hd":false,"mn":"ADBE Vector Shape - Group","nm":"Path 1","ix":1,"d":1,"ks":{"a":0,"k":{"c":true,"i":[[0.918,0],[0,0],[0.117,0.918],[-0.918,0],[0,0],[-0.118,-0.919]],"o":[[0,0],[-0.918,0],[-0.118,-0.919],[0,0],[0.919,0],[0.118,0.918]],"v":[[14.875,1.663],[-14.449,1.663],[-16.325,0],[-14.876,-1.663],[14.448,-1.663],[16.325,0]]},"ix":2}},{"ty":"fl","bm":0,"hd":false,"mn":"ADBE Vector Graphic - Fill","nm":"Fill 1","c":{"a":0,"k":[0.0667,0.7176,0.698],"ix":4},"r":1,"o":{"a":0,"k":100,"ix":5}},{"ty":"tr","a":{"a":0,"k":[0,0],"ix":1},"s":{"a":0,"k":[100,100],"ix":3},"sk":{"a":0,"k":0,"ix":4},"p":{"a":0,"k":[83.317,11.282],"ix":2},"r":{"a":0,"k":0,"ix":6},"sa":{"a":0,"k":0,"ix":5},"o":{"a":0,"k":100,"ix":7}}]},{"ty":"gr","bm":0,"hd":false,"mn":"ADBE Vector Group","nm":"Group 7","ix":7,"cix":2,"np":2,"it":[{"ty":"sh","bm":0,"hd":false,"mn":"ADBE Vector Shape - Group","nm":"Path 1","ix":1,"d":1,"ks":{"a":0,"k":{"c":true,"i":[[2.833,0],[0,0],[1.459,2.599],[0,0],[0,0],[0,0]],"o":[[0,0],[-2.833,0],[0,0],[0,0],[0,0],[-0.792,2.599]],"v":[[22.539,9.238],[-17.796,9.238],[-24.866,4.957],[-32.834,-9.238],[32.834,-9.238],[28.51,4.957]]},"ix":2}},{"ty":"fl","bm":0,"hd":false,"mn":"ADBE Vector Graphic - Fill","nm":"Fill 1","c":{"a":0,"k":[0.2392,0.8627,0.8431],"ix":4},"r":1,"o":{"a":0,"k":100,"ix":5}},{"ty":"tr","a":{"a":0,"k":[0,0],"ix":1},"s":{"a":0,"k":[100,100],"ix":3},"sk":{"a":0,"k":0,"ix":4},"p":{"a":0,"k":[85.839,9.619],"ix":2},"r":{"a":0,"k":0,"ix":6},"sa":{"a":0,"k":0,"ix":5},"o":{"a":0,"k":100,"ix":7}}]},{"ty":"gr","bm":0,"hd":false,"mn":"ADBE Vector Group","nm":"Group 8","ix":8,"cix":2,"np":2,"it":[{"ty":"sh","bm":0,"hd":false,"mn":"ADBE Vector Shape - Group","nm":"Path 1","ix":1,"d":1,"ks":{"a":0,"k":{"c":true,"i":[[6.661,0],[0,0],[-0.855,-6.661],[0,0],[6.66,0],[0,0],[0.855,6.66],[0,0]],"o":[[0,0],[6.661,0],[0,0],[0.854,6.66],[0,0],[6.661,0],[0,0],[-0.855,-6.661]],"v":[[-19.301,-126.888],[-24.63,-126.888],[-11.023,-114.828],[18.447,114.829],[7.934,126.888],[13.262,126.888],[23.775,114.829],[-5.693,-114.828]]},"ix":2}},{"ty":"fl","bm":0,"hd":false,"mn":"ADBE Vector Graphic - Fill","nm":"Fill 1","c":{"a":0,"k":[0.0667,0.7176,0.698],"ix":4},"r":1,"o":{"a":0,"k":100,"ix":5}},{"ty":"tr","a":{"a":0,"k":[0,0],"ix":1},"s":{"a":0,"k":[100,100],"ix":3},"sk":{"a":0,"k":0,"ix":4},"p":{"a":0,"k":[158.294,136.508],"ix":2},"r":{"a":0,"k":0,"ix":6},"sa":{"a":0,"k":0,"ix":5},"o":{"a":0,"k":100,"ix":7}}]},{"ty":"gr","bm":0,"hd":false,"mn":"ADBE Vector Group","nm":"Group 9","ix":9,"cix":2,"np":2,"it":[{"ty":"sh","bm":0,"hd":false,"mn":"ADBE Vector Shape - Group","nm":"Path 1","ix":1,"d":1,"ks":{"a":0,"k":{"c":true,"i":[[0,0],[0,0.552],[-0.552,0.001],[0,0],[0,0],[-0.001,-0.552],[0.552,-0.001],[0,0]],"o":[[-0.552,0],[0,-0.553],[0,0],[0,0],[0.551,0],[0,0.552],[0,0],[0,0]],"v":[[-33.298,1.033],[-34.298,0.034],[-33.299,-0.967],[33.297,-1.033],[33.298,-1.033],[34.298,-0.034],[33.299,0.967],[-33.297,1.033]]},"ix":2}},{"ty":"fl","bm":0,"hd":false,"mn":"ADBE Vector Graphic - Fill","nm":"Fill 1","c":{"a":0,"k":[0.0667,0.7176,0.698],"ix":4},"r":1,"o":{"a":0,"k":100,"ix":5}},{"ty":"tr","a":{"a":0,"k":[0,0],"ix":1},"s":{"a":0,"k":[100,100],"ix":3},"sk":{"a":0,"k":0,"ix":4},"p":{"a":0,"k":[124.841,198.765],"ix":2},"r":{"a":0,"k":0,"ix":6},"sa":{"a":0,"k":0,"ix":5},"o":{"a":0,"k":100,"ix":7}}]},{"ty":"gr","bm":0,"hd":false,"mn":"ADBE Vector Group","nm":"Group 10","ix":10,"cix":2,"np":2,"it":[{"ty":"sh","bm":0,"hd":false,"mn":"ADBE Vector Shape - Group","nm":"Path 1","ix":1,"d":1,"ks":{"a":0,"k":{"c":false,"i":[[0,0],[0,0]],"o":[[0,0],[0,0]],"v":[[-33.298,0.033],[33.298,-0.033]]},"ix":2}},{"ty":"fl","bm":0,"hd":false,"mn":"ADBE Vector Graphic - Fill","nm":"Fill 1","c":{"a":0,"k":[0.0667,0.7176,0.698],"ix":4},"r":1,"o":{"a":0,"k":100,"ix":5}},{"ty":"tr","a":{"a":0,"k":[0,0],"ix":1},"s":{"a":0,"k":[100,100],"ix":3},"sk":{"a":0,"k":0,"ix":4},"p":{"a":0,"k":[124.841,198.765],"ix":2},"r":{"a":0,"k":0,"ix":6},"sa":{"a":0,"k":0,"ix":5},"o":{"a":0,"k":100,"ix":7}}]},{"ty":"gr","bm":0,"hd":false,"mn":"ADBE Vector Group","nm":"Group 11","ix":11,"cix":2,"np":2,"it":[{"ty":"sh","bm":0,"hd":false,"mn":"ADBE Vector Shape - Group","nm":"Path 1","ix":1,"d":1,"ks":{"a":0,"k":{"c":true,"i":[[0,0],[0,0.552],[-0.552,0.001],[0,0],[0,0],[-0.001,-0.552],[0.552,-0.001],[0,0]],"o":[[-0.552,0],[0,-0.553],[0,0],[0,0],[0.551,0],[0,0.552],[0,0],[0,0]],"v":[[-33.298,1.033],[-34.298,0.034],[-33.299,-0.967],[33.297,-1.032],[33.298,-1.032],[34.298,-0.033],[33.299,0.968],[-33.297,1.033]]},"ix":2}},{"ty":"fl","bm":0,"hd":false,"mn":"ADBE Vector Graphic - Fill","nm":"Fill 1","c":{"a":0,"k":[0.0667,0.7176,0.698],"ix":4},"r":1,"o":{"a":0,"k":100,"ix":5}},{"ty":"tr","a":{"a":0,"k":[0,0],"ix":1},"s":{"a":0,"k":[100,100],"ix":3},"sk":{"a":0,"k":0,"ix":4},"p":{"a":0,"k":[123.63,191.328],"ix":2},"r":{"a":0,"k":0,"ix":6},"sa":{"a":0,"k":0,"ix":5},"o":{"a":0,"k":100,"ix":7}}]},{"ty":"gr","bm":0,"hd":false,"mn":"ADBE Vector Group","nm":"Group 12","ix":12,"cix":2,"np":2,"it":[{"ty":"sh","bm":0,"hd":false,"mn":"ADBE Vector Shape - Group","nm":"Path 1","ix":1,"d":1,"ks":{"a":0,"k":{"c":false,"i":[[0,0],[0,0]],"o":[[0,0],[0,0]],"v":[[-33.298,0.033],[33.298,-0.032]]},"ix":2}},{"ty":"fl","bm":0,"hd":false,"mn":"ADBE Vector Graphic - Fill","nm":"Fill 1","c":{"a":0,"k":[0.0667,0.7176,0.698],"ix":4},"r":1,"o":{"a":0,"k":100,"ix":5}},{"ty":"tr","a":{"a":0,"k":[0,0],"ix":1},"s":{"a":0,"k":[100,100],"ix":3},"sk":{"a":0,"k":0,"ix":4},"p":{"a":0,"k":[123.63,191.328],"ix":2},"r":{"a":0,"k":0,"ix":6},"sa":{"a":0,"k":0,"ix":5},"o":{"a":0,"k":100,"ix":7}}]},{"ty":"gr","bm":0,"hd":false,"mn":"ADBE Vector Group","nm":"Group 13","ix":13,"cix":2,"np":2,"it":[{"ty":"sh","bm":0,"hd":false,"mn":"ADBE Vector Shape - Group","nm":"Path 1","ix":1,"d":1,"ks":{"a":0,"k":{"c":true,"i":[[0,0],[0,0.552],[-0.552,0],[0,0],[0,0],[-0.001,-0.552],[0.552,-0.001],[0,0]],"o":[[-0.552,0],[0,-0.552],[0,0],[0,0],[0.551,0],[0,0.552],[0,0],[0,0]],"v":[[-33.298,1.032],[-34.298,0.033],[-33.299,-0.968],[33.297,-1.032],[33.298,-1.032],[34.298,-0.033],[33.299,0.968],[-33.297,1.032]]},"ix":2}},{"ty":"fl","bm":0,"hd":false,"mn":"ADBE Vector Graphic - Fill","nm":"Fill 1","c":{"a":0,"k":[0.0667,0.7176,0.698],"ix":4},"r":1,"o":{"a":0,"k":100,"ix":5}},{"ty":"tr","a":{"a":0,"k":[0,0],"ix":1},"s":{"a":0,"k":[100,100],"ix":3},"sk":{"a":0,"k":0,"ix":4},"p":{"a":0,"k":[114.837,118.802],"ix":2},"r":{"a":0,"k":0,"ix":6},"sa":{"a":0,"k":0,"ix":5},"o":{"a":0,"k":100,"ix":7}}]},{"ty":"gr","bm":0,"hd":false,"mn":"ADBE Vector Group","nm":"Group 14","ix":14,"cix":2,"np":2,"it":[{"ty":"sh","bm":0,"hd":false,"mn":"ADBE Vector Shape - Group","nm":"Path 1","ix":1,"d":1,"ks":{"a":0,"k":{"c":false,"i":[[0,0],[0,0]],"o":[[0,0],[0,0]],"v":[[-33.298,0.032],[33.298,-0.032]]},"ix":2}},{"ty":"fl","bm":0,"hd":false,"mn":"ADBE Vector Graphic - Fill","nm":"Fill 1","c":{"a":0,"k":[0.0667,0.7176,0.698],"ix":4},"r":1,"o":{"a":0,"k":100,"ix":5}},{"ty":"tr","a":{"a":0,"k":[0,0],"ix":1},"s":{"a":0,"k":[100,100],"ix":3},"sk":{"a":0,"k":0,"ix":4},"p":{"a":0,"k":[114.837,118.802],"ix":2},"r":{"a":0,"k":0,"ix":6},"sa":{"a":0,"k":0,"ix":5},"o":{"a":0,"k":100,"ix":7}}]},{"ty":"gr","bm":0,"hd":false,"mn":"ADBE Vector Group","nm":"Group 15","ix":15,"cix":2,"np":2,"it":[{"ty":"sh","bm":0,"hd":false,"mn":"ADBE Vector Shape - Group","nm":"Path 1","ix":1,"d":1,"ks":{"a":0,"k":{"c":true,"i":[[0,0],[0,0.552],[-0.552,0],[0,0],[0,0],[-0.001,-0.552],[0.552,0],[0,0]],"o":[[-0.552,0],[0,-0.552],[0,0],[0,0],[0.551,0],[0,0.552],[0,0],[0,0]],"v":[[-33.298,1.033],[-34.298,0.034],[-33.299,-0.967],[33.297,-1.033],[33.298,-1.033],[34.298,-0.034],[33.299,0.967],[-33.297,1.033]]},"ix":2}},{"ty":"fl","bm":0,"hd":false,"mn":"ADBE Vector Graphic - Fill","nm":"Fill 1","c":{"a":0,"k":[0.0667,0.7176,0.698],"ix":4},"r":1,"o":{"a":0,"k":100,"ix":5}},{"ty":"tr","a":{"a":0,"k":[0,0],"ix":1},"s":{"a":0,"k":[100,100],"ix":3},"sk":{"a":0,"k":0,"ix":4},"p":{"a":0,"k":[113.626,111.365],"ix":2},"r":{"a":0,"k":0,"ix":6},"sa":{"a":0,"k":0,"ix":5},"o":{"a":0,"k":100,"ix":7}}]},{"ty":"gr","bm":0,"hd":false,"mn":"ADBE Vector Group","nm":"Group 16","ix":16,"cix":2,"np":2,"it":[{"ty":"sh","bm":0,"hd":false,"mn":"ADBE Vector Shape - Group","nm":"Path 1","ix":1,"d":1,"ks":{"a":0,"k":{"c":false,"i":[[0,0],[0,0]],"o":[[0,0],[0,0]],"v":[[-33.298,0.033],[33.298,-0.033]]},"ix":2}},{"ty":"fl","bm":0,"hd":false,"mn":"ADBE Vector Graphic - Fill","nm":"Fill 1","c":{"a":0,"k":[0.0667,0.7176,0.698],"ix":4},"r":1,"o":{"a":0,"k":100,"ix":5}},{"ty":"tr","a":{"a":0,"k":[0,0],"ix":1},"s":{"a":0,"k":[100,100],"ix":3},"sk":{"a":0,"k":0,"ix":4},"p":{"a":0,"k":[113.626,111.365],"ix":2},"r":{"a":0,"k":0,"ix":6},"sa":{"a":0,"k":0,"ix":5},"o":{"a":0,"k":100,"ix":7}}]},{"ty":"gr","bm":0,"hd":false,"mn":"ADBE Vector Group","nm":"Group 17","ix":17,"cix":2,"np":2,"it":[{"ty":"sh","bm":0,"hd":false,"mn":"ADBE Vector Shape - Group","nm":"Path 1","ix":1,"d":1,"ks":{"a":0,"k":{"c":true,"i":[[0,0],[0,0.552],[-0.552,0],[0,0],[0,0],[-0.001,-0.552],[0.552,-0.001],[0,0]],"o":[[-0.552,0],[0,-0.552],[0,0],[0,0],[0.551,0],[0,0.552],[0,0],[0,0]],"v":[[-33.298,1.032],[-34.298,0.033],[-33.299,-0.968],[33.297,-1.032],[33.298,-1.032],[34.298,-0.033],[33.299,0.968],[-33.297,1.032]]},"ix":2}},{"ty":"fl","bm":0,"hd":false,"mn":"ADBE Vector Graphic - Fill","nm":"Fill 1","c":{"a":0,"k":[0.0667,0.7176,0.698],"ix":4},"r":1,"o":{"a":0,"k":100,"ix":5}},{"ty":"tr","a":{"a":0,"k":[0,0],"ix":1},"s":{"a":0,"k":[100,100],"ix":3},"sk":{"a":0,"k":0,"ix":4},"p":{"a":0,"k":[91.811,159.613],"ix":2},"r":{"a":0,"k":0,"ix":6},"sa":{"a":0,"k":0,"ix":5},"o":{"a":0,"k":100,"ix":7}}]},{"ty":"gr","bm":0,"hd":false,"mn":"ADBE Vector Group","nm":"Group 18","ix":18,"cix":2,"np":2,"it":[{"ty":"sh","bm":0,"hd":false,"mn":"ADBE Vector Shape - Group","nm":"Path 1","ix":1,"d":1,"ks":{"a":0,"k":{"c":false,"i":[[0,0],[0,0]],"o":[[0,0],[0,0]],"v":[[-33.298,0.032],[33.298,-0.032]]},"ix":2}},{"ty":"fl","bm":0,"hd":false,"mn":"ADBE Vector Graphic - Fill","nm":"Fill 1","c":{"a":0,"k":[0.0667,0.7176,0.698],"ix":4},"r":1,"o":{"a":0,"k":100,"ix":5}},{"ty":"tr","a":{"a":0,"k":[0,0],"ix":1},"s":{"a":0,"k":[100,100],"ix":3},"sk":{"a":0,"k":0,"ix":4},"p":{"a":0,"k":[91.811,159.613],"ix":2},"r":{"a":0,"k":0,"ix":6},"sa":{"a":0,"k":0,"ix":5},"o":{"a":0,"k":100,"ix":7}}]},{"ty":"gr","bm":0,"hd":false,"mn":"ADBE Vector Group","nm":"Group 19","ix":19,"cix":2,"np":2,"it":[{"ty":"sh","bm":0,"hd":false,"mn":"ADBE Vector Shape - Group","nm":"Path 1","ix":1,"d":1,"ks":{"a":0,"k":{"c":true,"i":[[0,0],[0,0.552],[-0.552,0],[0,0],[0,0],[-0.001,-0.552],[0.552,0],[0,0]],"o":[[-0.552,0],[0,-0.552],[0,0],[0,0],[0.551,0],[0,0.552],[0,0],[0,0]],"v":[[-33.298,1.033],[-34.298,0.034],[-33.299,-0.967],[33.297,-1.033],[33.298,-1.033],[34.298,-0.034],[33.299,0.967],[-33.297,1.033]]},"ix":2}},{"ty":"fl","bm":0,"hd":false,"mn":"ADBE Vector Graphic - Fill","nm":"Fill 1","c":{"a":0,"k":[0.0667,0.7176,0.698],"ix":4},"r":1,"o":{"a":0,"k":100,"ix":5}},{"ty":"tr","a":{"a":0,"k":[0,0],"ix":1},"s":{"a":0,"k":[100,100],"ix":3},"sk":{"a":0,"k":0,"ix":4},"p":{"a":0,"k":[90.6,152.176],"ix":2},"r":{"a":0,"k":0,"ix":6},"sa":{"a":0,"k":0,"ix":5},"o":{"a":0,"k":100,"ix":7}}]},{"ty":"gr","bm":0,"hd":false,"mn":"ADBE Vector Group","nm":"Group 20","ix":20,"cix":2,"np":2,"it":[{"ty":"sh","bm":0,"hd":false,"mn":"ADBE Vector Shape - Group","nm":"Path 1","ix":1,"d":1,"ks":{"a":0,"k":{"c":false,"i":[[0,0],[0,0]],"o":[[0,0],[0,0]],"v":[[-33.298,0.033],[33.298,-0.033]]},"ix":2}},{"ty":"fl","bm":0,"hd":false,"mn":"ADBE Vector Graphic - Fill","nm":"Fill 1","c":{"a":0,"k":[0.0667,0.7176,0.698],"ix":4},"r":1,"o":{"a":0,"k":100,"ix":5}},{"ty":"tr","a":{"a":0,"k":[0,0],"ix":1},"s":{"a":0,"k":[100,100],"ix":3},"sk":{"a":0,"k":0,"ix":4},"p":{"a":0,"k":[90.6,152.176],"ix":2},"r":{"a":0,"k":0,"ix":6},"sa":{"a":0,"k":0,"ix":5},"o":{"a":0,"k":100,"ix":7}}]},{"ty":"gr","bm":0,"hd":false,"mn":"ADBE Vector Group","nm":"Group 21","ix":21,"cix":2,"np":2,"it":[{"ty":"sh","bm":0,"hd":false,"mn":"ADBE Vector Shape - Group","nm":"Path 1","ix":1,"d":1,"ks":{"a":0,"k":{"c":true,"i":[[0,0],[0,0.552],[-0.552,0],[0,0],[0,0],[0,-0.552],[0.552,-0.001],[0,0]],"o":[[-0.552,0],[0,-0.552],[0,0],[0,0],[0.552,0],[0.001,0.552],[0,0],[0,0]],"v":[[-33.298,1.032],[-34.298,0.033],[-33.299,-0.968],[33.296,-1.032],[33.297,-1.032],[34.297,-0.033],[33.298,0.968],[-33.297,1.032]]},"ix":2}},{"ty":"fl","bm":0,"hd":false,"mn":"ADBE Vector Graphic - Fill","nm":"Fill 1","c":{"a":0,"k":[0.0667,0.7176,0.698],"ix":4},"r":1,"o":{"a":0,"k":100,"ix":5}},{"ty":"tr","a":{"a":0,"k":[0,0],"ix":1},"s":{"a":0,"k":[100,100],"ix":3},"sk":{"a":0,"k":0,"ix":4},"p":{"a":0,"k":[80.975,79.122],"ix":2},"r":{"a":0,"k":0,"ix":6},"sa":{"a":0,"k":0,"ix":5},"o":{"a":0,"k":100,"ix":7}}]},{"ty":"gr","bm":0,"hd":false,"mn":"ADBE Vector Group","nm":"Group 22","ix":22,"cix":2,"np":2,"it":[{"ty":"sh","bm":0,"hd":false,"mn":"ADBE Vector Shape - Group","nm":"Path 1","ix":1,"d":1,"ks":{"a":0,"k":{"c":false,"i":[[0,0],[0,0]],"o":[[0,0],[0,0]],"v":[[-33.298,0.032],[33.298,-0.032]]},"ix":2}},{"ty":"fl","bm":0,"hd":false,"mn":"ADBE Vector Graphic - Fill","nm":"Fill 1","c":{"a":0,"k":[0.0667,0.7176,0.698],"ix":4},"r":1,"o":{"a":0,"k":100,"ix":5}},{"ty":"tr","a":{"a":0,"k":[0,0],"ix":1},"s":{"a":0,"k":[100,100],"ix":3},"sk":{"a":0,"k":0,"ix":4},"p":{"a":0,"k":[80.974,79.122],"ix":2},"r":{"a":0,"k":0,"ix":6},"sa":{"a":0,"k":0,"ix":5},"o":{"a":0,"k":100,"ix":7}}]},{"ty":"gr","bm":0,"hd":false,"mn":"ADBE Vector Group","nm":"Group 23","ix":23,"cix":2,"np":2,"it":[{"ty":"sh","bm":0,"hd":false,"mn":"ADBE Vector Shape - Group","nm":"Path 1","ix":1,"d":1,"ks":{"a":0,"k":{"c":true,"i":[[0,0],[0,0.552],[-0.552,0],[0,0],[0,0],[0,-0.552],[0.552,0],[0,0]],"o":[[-0.552,0],[0,-0.552],[0,0],[0,0],[0.552,0],[0.001,0.552],[0,0],[0,0]],"v":[[-33.298,1.033],[-34.298,0.034],[-33.299,-0.967],[33.296,-1.033],[33.297,-1.033],[34.297,-0.034],[33.298,0.967],[-33.297,1.033]]},"ix":2}},{"ty":"fl","bm":0,"hd":false,"mn":"ADBE Vector Graphic - Fill","nm":"Fill 1","c":{"a":0,"k":[0.0667,0.7176,0.698],"ix":4},"r":1,"o":{"a":0,"k":100,"ix":5}},{"ty":"tr","a":{"a":0,"k":[0,0],"ix":1},"s":{"a":0,"k":[100,100],"ix":3},"sk":{"a":0,"k":0,"ix":4},"p":{"a":0,"k":[79.764,71.685],"ix":2},"r":{"a":0,"k":0,"ix":6},"sa":{"a":0,"k":0,"ix":5},"o":{"a":0,"k":100,"ix":7}}]},{"ty":"gr","bm":0,"hd":false,"mn":"ADBE Vector Group","nm":"Group 24","ix":24,"cix":2,"np":2,"it":[{"ty":"sh","bm":0,"hd":false,"mn":"ADBE Vector Shape - Group","nm":"Path 1","ix":1,"d":1,"ks":{"a":0,"k":{"c":false,"i":[[0,0],[0,0]],"o":[[0,0],[0,0]],"v":[[-33.298,0.033],[33.298,-0.033]]},"ix":2}},{"ty":"fl","bm":0,"hd":false,"mn":"ADBE Vector Graphic - Fill","nm":"Fill 1","c":{"a":0,"k":[0.0667,0.7176,0.698],"ix":4},"r":1,"o":{"a":0,"k":100,"ix":5}},{"ty":"tr","a":{"a":0,"k":[0,0],"ix":1},"s":{"a":0,"k":[100,100],"ix":3},"sk":{"a":0,"k":0,"ix":4},"p":{"a":0,"k":[79.764,71.685],"ix":2},"r":{"a":0,"k":0,"ix":6},"sa":{"a":0,"k":0,"ix":5},"o":{"a":0,"k":100,"ix":7}}]},{"ty":"gr","bm":0,"hd":false,"mn":"ADBE Vector Group","nm":"Group 25","ix":25,"cix":2,"np":2,"it":[{"ty":"sh","bm":0,"hd":false,"mn":"ADBE Vector Shape - Group","nm":"Path 1","ix":1,"d":1,"ks":{"a":0,"k":{"c":true,"i":[[0,0],[0,0.552],[-0.552,0],[0,0],[0,0],[-0.001,-0.552],[0.552,-0.001],[0,0]],"o":[[-0.552,0],[0,-0.552],[0,0],[0,0],[0.551,0],[0,0.552],[0,0],[0,0]],"v":[[-33.298,1.032],[-34.298,0.033],[-33.299,-0.968],[33.297,-1.032],[33.298,-1.032],[34.298,-0.033],[33.299,0.968],[-33.297,1.032]]},"ix":2}},{"ty":"fl","bm":0,"hd":false,"mn":"ADBE Vector Graphic - Fill","nm":"Fill 1","c":{"a":0,"k":[0.0667,0.7176,0.698],"ix":4},"r":1,"o":{"a":0,"k":100,"ix":5}},{"ty":"tr","a":{"a":0,"k":[0,0],"ix":1},"s":{"a":0,"k":[100,100],"ix":3},"sk":{"a":0,"k":0,"ix":4},"p":{"a":0,"k":[77.22,39.158],"ix":2},"r":{"a":0,"k":0,"ix":6},"sa":{"a":0,"k":0,"ix":5},"o":{"a":0,"k":100,"ix":7}}]},{"ty":"gr","bm":0,"hd":false,"mn":"ADBE Vector Group","nm":"Group 26","ix":26,"cix":2,"np":2,"it":[{"ty":"sh","bm":0,"hd":false,"mn":"ADBE Vector Shape - Group","nm":"Path 1","ix":1,"d":1,"ks":{"a":0,"k":{"c":false,"i":[[0,0],[0,0]],"o":[[0,0],[0,0]],"v":[[-33.298,0.032],[33.298,-0.032]]},"ix":2}},{"ty":"fl","bm":0,"hd":false,"mn":"ADBE Vector Graphic - Fill","nm":"Fill 1","c":{"a":0,"k":[0.0667,0.7176,0.698],"ix":4},"r":1,"o":{"a":0,"k":100,"ix":5}},{"ty":"tr","a":{"a":0,"k":[0,0],"ix":1},"s":{"a":0,"k":[100,100],"ix":3},"sk":{"a":0,"k":0,"ix":4},"p":{"a":0,"k":[77.22,39.158],"ix":2},"r":{"a":0,"k":0,"ix":6},"sa":{"a":0,"k":0,"ix":5},"o":{"a":0,"k":100,"ix":7}}]},{"ty":"gr","bm":0,"hd":false,"mn":"ADBE Vector Group","nm":"Group 27","ix":27,"cix":2,"np":2,"it":[{"ty":"sh","bm":0,"hd":false,"mn":"ADBE Vector Shape - Group","nm":"Path 1","ix":1,"d":1,"ks":{"a":0,"k":{"c":true,"i":[[0,0],[0,0.552],[-0.552,0],[0,0],[0,0],[-0.001,-0.552],[0.552,-0.001],[0,0]],"o":[[-0.552,0],[0,-0.552],[0,0],[0,0],[0.551,0],[0,0.552],[0,0],[0,0]],"v":[[-33.298,1.032],[-34.298,0.033],[-33.299,-0.968],[33.297,-1.032],[33.298,-1.032],[34.298,-0.033],[33.299,0.968],[-33.297,1.032]]},"ix":2}},{"ty":"fl","bm":0,"hd":false,"mn":"ADBE Vector Graphic - Fill","nm":"Fill 1","c":{"a":0,"k":[0.0667,0.7176,0.698],"ix":4},"r":1,"o":{"a":0,"k":100,"ix":5}},{"ty":"tr","a":{"a":0,"k":[0,0],"ix":1},"s":{"a":0,"k":[100,100],"ix":3},"sk":{"a":0,"k":0,"ix":4},"p":{"a":0,"k":[76.009,31.721],"ix":2},"r":{"a":0,"k":0,"ix":6},"sa":{"a":0,"k":0,"ix":5},"o":{"a":0,"k":100,"ix":7}}]},{"ty":"gr","bm":0,"hd":false,"mn":"ADBE Vector Group","nm":"Group 28","ix":28,"cix":2,"np":2,"it":[{"ty":"sh","bm":0,"hd":false,"mn":"ADBE Vector Shape - Group","nm":"Path 1","ix":1,"d":1,"ks":{"a":0,"k":{"c":false,"i":[[0,0],[0,0]],"o":[[0,0],[0,0]],"v":[[-33.298,0.032],[33.298,-0.032]]},"ix":2}},{"ty":"fl","bm":0,"hd":false,"mn":"ADBE Vector Graphic - Fill","nm":"Fill 1","c":{"a":0,"k":[0.0667,0.7176,0.698],"ix":4},"r":1,"o":{"a":0,"k":100,"ix":5}},{"ty":"tr","a":{"a":0,"k":[0,0],"ix":1},"s":{"a":0,"k":[100,100],"ix":3},"sk":{"a":0,"k":0,"ix":4},"p":{"a":0,"k":[76.009,31.721],"ix":2},"r":{"a":0,"k":0,"ix":6},"sa":{"a":0,"k":0,"ix":5},"o":{"a":0,"k":100,"ix":7}}]},{"ty":"gr","bm":0,"hd":false,"mn":"ADBE Vector Group","nm":"Group 29","ix":29,"cix":2,"np":2,"it":[{"ty":"sh","bm":0,"hd":false,"mn":"ADBE Vector Shape - Group","nm":"Path 1","ix":1,"d":1,"ks":{"a":0,"k":{"c":true,"i":[[0,0],[0,0],[-0.618,-4.932],[4.931,0],[0,0]],"o":[[0,0],[4.932,0],[0.619,4.931],[0,0],[0,0]],"v":[[-11.938,-8.93],[1.269,-8.93],[11.318,0.001],[3.508,8.93],[-9.699,8.93]]},"ix":2}},{"ty":"fl","bm":0,"hd":false,"mn":"ADBE Vector Graphic - Fill","nm":"Fill 1","c":{"a":0,"k":[0.0667,0.7176,0.698],"ix":4},"r":1,"o":{"a":0,"k":100,"ix":5}},{"ty":"tr","a":{"a":0,"k":[0,0],"ix":1},"s":{"a":0,"k":[100,100],"ix":3},"sk":{"a":0,"k":0,"ix":4},"p":{"a":0,"k":[157.3,234.365],"ix":2},"r":{"a":0,"k":0,"ix":6},"sa":{"a":0,"k":0,"ix":5},"o":{"a":0,"k":100,"ix":7}}]},{"ty":"gr","bm":0,"hd":false,"mn":"ADBE Vector Group","nm":"Group 30","ix":30,"cix":2,"np":4,"it":[{"ty":"sh","bm":0,"hd":false,"mn":"ADBE Vector Shape - Group","nm":"Path 1","ix":1,"d":1,"ks":{"a":0,"k":{"c":true,"i":[[0,0],[1.378,-1.562],[-0.283,-2.254],[-4.681,0],[0,0],[-1.378,1.561],[0.283,2.254],[4.68,0]],"o":[[-2.227,0],[-1.394,1.58],[0.586,4.683],[0,0],[2.227,0],[1.395,-1.581],[-0.587,-4.682],[0,0]],"v":[[-47.233,-8.43],[-52.823,-6.007],[-54.547,-0.062],[-44.994,8.43],[47.232,8.43],[52.822,6.008],[54.547,0.062],[44.994,-8.43]]},"ix":2}},{"ty":"sh","bm":0,"hd":false,"mn":"ADBE Vector Shape - Group","nm":"Path 2","ix":2,"d":1,"ks":{"a":0,"k":{"c":true,"i":[[2.518,0],[0,0],[0.648,5.165],[-1.587,1.799],[-2.518,0],[0,0],[-0.647,-5.165],[1.587,-1.799]],"o":[[0,0],[-5.168,0],[-0.318,-2.543],[1.571,-1.78],[0,0],[5.167,0],[0.319,2.543],[-1.571,1.779]],"v":[[47.232,9.43],[-44.994,9.43],[-55.54,0.062],[-53.573,-6.669],[-47.233,-9.43],[44.994,-9.43],[55.539,-0.062],[53.572,6.671]]},"ix":2}},{"ty":"mm","bm":0,"hd":false,"mn":"ADBE Vector Filter - Merge","nm":"Merge Paths 1","mm":1},{"ty":"fl","bm":0,"hd":false,"mn":"ADBE Vector Graphic - Fill","nm":"Fill 1","c":{"a":0,"k":[0.0667,0.7176,0.698],"ix":4},"r":1,"o":{"a":0,"k":100,"ix":5}},{"ty":"tr","a":{"a":0,"k":[0,0],"ix":1},"s":{"a":0,"k":[100,100],"ix":3},"sk":{"a":0,"k":0,"ix":4},"p":{"a":0,"k":[113.576,234.365],"ix":2},"r":{"a":0,"k":0,"ix":6},"sa":{"a":0,"k":0,"ix":5},"o":{"a":0,"k":100,"ix":7}}]},{"ty":"gr","bm":0,"hd":false,"mn":"ADBE Vector Group","nm":"Group 31","ix":31,"cix":2,"np":2,"it":[{"ty":"sh","bm":0,"hd":false,"mn":"ADBE Vector Shape - Group","nm":"Path 1","ix":1,"d":1,"ks":{"a":0,"k":{"c":true,"i":[[-4.932,0],[0,0],[-0.618,-4.932],[4.932,0],[0,0],[0.619,4.931]],"o":[[0,0],[4.932,0],[0.618,4.931],[0,0],[-4.932,0],[-0.618,-4.932]],"v":[[-47.232,-8.93],[44.994,-8.93],[55.043,0.001],[47.232,8.93],[-44.993,8.93],[-55.044,0.001]]},"ix":2}},{"ty":"fl","bm":0,"hd":false,"mn":"ADBE Vector Graphic - Fill","nm":"Fill 1","c":{"a":0,"k":[1,1,1],"ix":4},"r":1,"o":{"a":0,"k":100,"ix":5}},{"ty":"tr","a":{"a":0,"k":[0,0],"ix":1},"s":{"a":0,"k":[100,100],"ix":3},"sk":{"a":0,"k":0,"ix":4},"p":{"a":0,"k":[113.575,234.365],"ix":2},"r":{"a":0,"k":0,"ix":6},"sa":{"a":0,"k":0,"ix":5},"o":{"a":0,"k":100,"ix":7}}]},{"ty":"gr","bm":0,"hd":false,"mn":"ADBE Vector Group","nm":"Group 32","ix":32,"cix":2,"np":2,"it":[{"ty":"sh","bm":0,"hd":false,"mn":"ADBE Vector Shape - Group","nm":"Path 1","ix":1,"d":1,"ks":{"a":0,"k":{"c":true,"i":[[-6.998,0],[0,0],[0,0],[0,0],[6.998,0],[0,0],[-0.877,-6.998]],"o":[[0,0],[0,0],[0,0],[-0.877,-6.998],[0,0],[-6.998,0],[0.877,6.997]],"v":[[-28.565,8.757],[32.293,8.757],[43.701,16.581],[41.132,-3.911],[26.874,-16.581],[-31.742,-16.581],[-42.824,-3.911]]},"ix":2}},{"ty":"fl","bm":0,"hd":false,"mn":"ADBE Vector Graphic - Fill","nm":"Fill 1","c":{"a":0,"k":[0.9412,0.9373,0.9373],"ix":4},"r":1,"o":{"a":0,"k":100,"ix":5}},{"ty":"tr","a":{"a":0,"k":[0,0],"ix":1},"s":{"a":0,"k":[100,100],"ix":3},"sk":{"a":0,"k":0,"ix":4},"p":{"a":0,"k":[123.847,199.551],"ix":2},"r":{"a":0,"k":0,"ix":6},"sa":{"a":0,"k":0,"ix":5},"o":{"a":0,"k":100,"ix":7}}]},{"ty":"gr","bm":0,"hd":false,"mn":"ADBE Vector Group","nm":"Group 33","ix":33,"cix":2,"np":2,"it":[{"ty":"sh","bm":0,"hd":false,"mn":"ADBE Vector Shape - Group","nm":"Path 1","ix":1,"d":1,"ks":{"a":0,"k":{"c":true,"i":[[6.997,0],[0,0],[0,0],[0,0],[-6.998,0],[0,0],[-0.878,-6.997],[0,0]],"o":[[0,0],[0,0],[0,0],[-0.877,-6.997],[0,0],[6.997,0],[0,0],[0.876,6.997]],"v":[[30.897,8.757],[-29.962,8.757],[-39.409,16.581],[-41.978,-3.912],[-30.896,-16.581],[27.721,-16.581],[41.979,-3.912],[41.979,-3.911]]},"ix":2}},{"ty":"fl","bm":0,"hd":false,"mn":"ADBE Vector Graphic - Fill","nm":"Fill 1","c":{"a":0,"k":[0.9412,0.9373,0.9373],"ix":4},"r":1,"o":{"a":0,"k":100,"ix":5}},{"ty":"tr","a":{"a":0,"k":[0,0],"ix":1},"s":{"a":0,"k":[100,100],"ix":3},"sk":{"a":0,"k":0,"ix":4},"p":{"a":0,"k":[89.544,159.646],"ix":2},"r":{"a":0,"k":0,"ix":6},"sa":{"a":0,"k":0,"ix":5},"o":{"a":0,"k":100,"ix":7}}]},{"ty":"gr","bm":0,"hd":false,"mn":"ADBE Vector Group","nm":"Group 34","ix":34,"cix":2,"np":2,"it":[{"ty":"sh","bm":0,"hd":false,"mn":"ADBE Vector Shape - Group","nm":"Path 1","ix":1,"d":1,"ks":{"a":0,"k":{"c":true,"i":[[-6.997,0],[0,0],[0,0],[0,0],[6.998,0],[0,0],[-0.877,-6.997],[0,0]],"o":[[0,0],[0,0],[0,0],[-0.877,-6.997],[0,0],[-6.997,0],[0,0],[0.877,6.997]],"v":[[-28.565,8.757],[32.293,8.757],[43.701,16.581],[41.132,-3.912],[26.874,-16.581],[-31.742,-16.581],[-42.824,-3.912],[-42.824,-3.911]]},"ix":2}},{"ty":"fl","bm":0,"hd":false,"mn":"ADBE Vector Graphic - Fill","nm":"Fill 1","c":{"a":0,"k":[0.9412,0.9373,0.9373],"ix":4},"r":1,"o":{"a":0,"k":100,"ix":5}},{"ty":"tr","a":{"a":0,"k":[0,0],"ix":1},"s":{"a":0,"k":[100,100],"ix":3},"sk":{"a":0,"k":0,"ix":4},"p":{"a":0,"k":[113.842,119.739],"ix":2},"r":{"a":0,"k":0,"ix":6},"sa":{"a":0,"k":0,"ix":5},"o":{"a":0,"k":100,"ix":7}}]},{"ty":"gr","bm":0,"hd":false,"mn":"ADBE Vector Group","nm":"Group 35","ix":35,"cix":2,"np":2,"it":[{"ty":"sh","bm":0,"hd":false,"mn":"ADBE Vector Shape - Group","nm":"Path 1","ix":1,"d":1,"ks":{"a":0,"k":{"c":true,"i":[[6.997,0],[0,0],[0,0],[0,0],[-6.998,0],[0,0],[-0.878,-6.997]],"o":[[0,0],[0,0],[0,0],[-0.877,-6.997],[0,0],[6.997,0],[0.876,6.998]],"v":[[30.897,8.757],[-29.962,8.757],[-39.409,16.581],[-41.978,-3.912],[-30.896,-16.581],[27.721,-16.581],[41.979,-3.912]]},"ix":2}},{"ty":"fl","bm":0,"hd":false,"mn":"ADBE Vector Graphic - Fill","nm":"Fill 1","c":{"a":0,"k":[0.9412,0.9373,0.9373],"ix":4},"r":1,"o":{"a":0,"k":100,"ix":5}},{"ty":"tr","a":{"a":0,"k":[0,0],"ix":1},"s":{"a":0,"k":[100,100],"ix":3},"sk":{"a":0,"k":0,"ix":4},"p":{"a":0,"k":[75.224,39.439],"ix":2},"r":{"a":0,"k":0,"ix":6},"sa":{"a":0,"k":0,"ix":5},"o":{"a":0,"k":100,"ix":7}}]},{"ty":"gr","bm":0,"hd":false,"mn":"ADBE Vector Group","nm":"Group 36","ix":36,"cix":2,"np":2,"it":[{"ty":"sh","bm":0,"hd":false,"mn":"ADBE Vector Shape - Group","nm":"Path 1","ix":1,"d":1,"ks":{"a":0,"k":{"c":true,"i":[[6.997,0],[0,0],[0,0],[0,0],[-6.997,0],[0,0],[-0.877,-6.998]],"o":[[0,0],[0,0],[0,0],[-0.876,-6.998],[0,0],[6.997,0],[0.876,6.997]],"v":[[30.896,8.757],[-29.962,8.757],[-39.409,16.581],[-41.978,-3.911],[-30.896,-16.581],[27.72,-16.581],[41.978,-3.911]]},"ix":2}},{"ty":"fl","bm":0,"hd":false,"mn":"ADBE Vector Graphic - Fill","nm":"Fill 1","c":{"a":0,"k":[0.9412,0.9373,0.9373],"ix":4},"r":1,"o":{"a":0,"k":100,"ix":5}},{"ty":"tr","a":{"a":0,"k":[0,0],"ix":1},"s":{"a":0,"k":[100,100],"ix":3},"sk":{"a":0,"k":0,"ix":4},"p":{"a":0,"k":[79.54,79.833],"ix":2},"r":{"a":0,"k":0,"ix":6},"sa":{"a":0,"k":0,"ix":5},"o":{"a":0,"k":100,"ix":7}}]},{"ty":"gr","bm":0,"hd":false,"mn":"ADBE Vector Group","nm":"Group 37","ix":37,"cix":2,"np":2,"it":[{"ty":"sh","bm":0,"hd":false,"mn":"ADBE Vector Shape - Group","nm":"Path 1","ix":1,"d":1,"ks":{"a":0,"k":{"c":true,"i":[[6.661,0],[0,0],[0.854,6.661],[0,0],[-6.661,0],[0,0],[-0.855,-6.66],[0,0]],"o":[[0,0],[-6.661,0],[0,0],[-0.855,-6.66],[0,0],[6.66,0],[0,0],[0.854,6.661]],"v":[[68.358,126.888],[-35.792,126.888],[-49.399,114.828],[-78.869,-114.828],[-68.356,-126.888],[35.794,-126.888],[49.401,-114.828],[78.87,114.828]]},"ix":2}},{"ty":"fl","bm":0,"hd":false,"mn":"ADBE Vector Graphic - Fill","nm":"Fill 1","c":{"a":0,"k":[1,1,1],"ix":4},"r":1,"o":{"a":0,"k":100,"ix":5}},{"ty":"tr","a":{"a":0,"k":[0,0],"ix":1},"s":{"a":0,"k":[100,100],"ix":3},"sk":{"a":0,"k":0,"ix":4},"p":{"a":0,"k":[103.2,136.507],"ix":2},"r":{"a":0,"k":0,"ix":6},"sa":{"a":0,"k":0,"ix":5},"o":{"a":0,"k":100,"ix":7}}]},{"ty":"gr","bm":0,"hd":false,"mn":"ADBE Vector Group","nm":"Group 38","ix":38,"cix":2,"np":2,"it":[{"ty":"sh","bm":0,"hd":false,"mn":"ADBE Vector Shape - Group","nm":"Path 1","ix":1,"d":1,"ks":{"a":0,"k":{"c":true,"i":[[9.793,0],[0,0],[1.257,9.793],[0,0],[-9.794,0],[0,0],[-1.257,-9.793],[0,0]],"o":[[0,0],[-9.793,0],[0,0],[-1.256,-9.793],[0,0],[9.793,0],[0,0],[1.256,9.793]],"v":[[73.665,136.258],[-38.695,136.258],[-58.703,118.526],[-89.121,-118.525],[-73.664,-136.258],[38.696,-136.258],[58.703,-118.525],[89.121,118.526]]},"ix":2}},{"ty":"fl","bm":0,"hd":false,"mn":"ADBE Vector Graphic - Fill","nm":"Fill 1","c":{"a":0,"k":[0.2392,0.8627,0.8431],"ix":4},"r":1,"o":{"a":0,"k":100,"ix":5}},{"ty":"tr","a":{"a":0,"k":[0,0],"ix":1},"s":{"a":0,"k":[100,100],"ix":3},"sk":{"a":0,"k":0,"ix":4},"p":{"a":0,"k":[103.2,136.508],"ix":2},"r":{"a":0,"k":0,"ix":6},"sa":{"a":0,"k":0,"ix":5},"o":{"a":0,"k":100,"ix":7}}]},{"ty":"gr","bm":0,"hd":false,"mn":"ADBE Vector Group","nm":"Group 39","ix":39,"cix":2,"np":4,"it":[{"ty":"sh","bm":0,"hd":false,"mn":"ADBE Vector Shape - Group","nm":"Path 1","ix":1,"d":1,"ks":{"a":0,"k":{"c":true,"i":[[0,0],[0,0],[0,0],[0,0]],"o":[[0,0],[0,0],[0,0],[0,0]],"v":[[28.833,4.619],[-28.834,4.619],[-28.834,-4.619],[28.833,-4.619]]},"ix":2}},{"ty":"sh","bm":0,"hd":false,"mn":"ADBE Vector Shape - Group","nm":"Path 2","ix":2,"d":1,"ks":{"a":0,"k":{"c":true,"i":[[0,0],[0,0],[-2.832,0],[0,0],[-0.792,2.6],[0,0]],"o":[[0,0],[1.459,2.6],[0,0],[2.833,0],[0,0],[0,0]],"v":[[-28.833,-4.619],[-26.051,0.336],[-18.982,4.619],[21.354,4.619],[27.325,0.336],[28.834,-4.619]]},"ix":2}},{"ty":"mm","bm":0,"hd":false,"mn":"ADBE Vector Filter - Merge","nm":"Merge Paths 1","mm":4},{"ty":"fl","bm":0,"hd":false,"mn":"ADBE Vector Graphic - Fill","nm":"Fill 1","c":{"a":0,"k":[0.502,0.502,0.502],"ix":4},"r":1,"o":{"a":0,"k":100,"ix":5}},{"ty":"tr","a":{"a":0,"k":[0,0],"ix":1},"s":{"a":0,"k":[100,100],"ix":3},"sk":{"a":0,"k":0,"ix":4},"p":{"a":0,"k":[83.024,14.238],"ix":2},"r":{"a":0,"k":0,"ix":6},"sa":{"a":0,"k":0,"ix":5},"o":{"a":0,"k":100,"ix":7}}]},{"ty":"gr","bm":0,"hd":false,"mn":"ADBE Vector Group","nm":"Group 40","ix":40,"cix":2,"np":2,"it":[{"ty":"sh","bm":0,"hd":false,"mn":"ADBE Vector Shape - Group","nm":"Path 1","ix":1,"d":1,"ks":{"a":0,"k":{"c":true,"i":[[6.661,0],[0,0],[0.854,6.661],[0,0],[-6.661,0],[0,0],[-0.855,-6.66],[0,0]],"o":[[0,0],[-6.661,0],[0,0],[-0.855,-6.66],[0,0],[6.66,0],[0,0],[0.854,6.661]],"v":[[68.358,126.888],[-35.792,126.888],[-49.399,114.828],[-78.869,-114.828],[-68.356,-126.888],[35.794,-126.888],[49.401,-114.828],[78.87,114.828]]},"ix":2}},{"ty":"fl","bm":0,"hd":false,"mn":"ADBE Vector Graphic - Fill","nm":"Fill 1","c":{"a":0,"k":[0.0667,0.7176,0.698],"ix":4},"r":1,"o":{"a":0,"k":100,"ix":5}},{"ty":"tr","a":{"a":0,"k":[0,0],"ix":1},"s":{"a":0,"k":[100,100],"ix":3},"sk":{"a":0,"k":0,"ix":4},"p":{"a":0,"k":[103.2,136.507],"ix":2},"r":{"a":0,"k":0,"ix":6},"sa":{"a":0,"k":0,"ix":5},"o":{"a":0,"k":100,"ix":7}}]},{"ty":"gr","bm":0,"hd":false,"mn":"ADBE Vector Group","nm":"Group 41","ix":41,"cix":2,"np":2,"it":[{"ty":"sh","bm":0,"hd":false,"mn":"ADBE Vector Shape - Group","nm":"Path 1","ix":1,"d":1,"ks":{"a":0,"k":{"c":true,"i":[[9.793,0],[0,0],[1.257,9.793],[0,0],[-9.794,0],[0,0],[-1.257,-9.793],[0,0]],"o":[[0,0],[-9.793,0],[0,0],[-1.256,-9.793],[0,0],[9.793,0],[0,0],[1.256,9.793]],"v":[[73.665,136.258],[-38.695,136.258],[-58.703,118.526],[-89.121,-118.525],[-73.664,-136.258],[38.696,-136.258],[58.703,-118.525],[89.121,118.526]]},"ix":2}},{"ty":"fl","bm":0,"hd":false,"mn":"ADBE Vector Graphic - Fill","nm":"Fill 1","c":{"a":0,"k":[0.0667,0.7176,0.698],"ix":4},"r":1,"o":{"a":0,"k":100,"ix":5}},{"ty":"tr","a":{"a":0,"k":[0,0],"ix":1},"s":{"a":0,"k":[100,100],"ix":3},"sk":{"a":0,"k":0,"ix":4},"p":{"a":0,"k":[103.2,136.508],"ix":2},"r":{"a":0,"k":0,"ix":6},"sa":{"a":0,"k":0,"ix":5},"o":{"a":0,"k":100,"ix":7}}]},{"ty":"gr","bm":0,"hd":false,"mn":"ADBE Vector Group","nm":"Group 42","ix":42,"cix":2,"np":2,"it":[{"ty":"sh","bm":0,"hd":false,"mn":"ADBE Vector Shape - Group","nm":"Path 1","ix":1,"d":1,"ks":{"a":0,"k":{"c":true,"i":[[2.28,0],[0,0],[0.292,2.279],[0,0],[-2.28,0],[-0.292,-2.28],[0,0]],"o":[[0,0],[-2.28,0],[0,0],[-0.293,-2.28],[2.279,0],[0,0],[0.293,2.279]],"v":[[1.971,15.36],[1.971,15.36],[-2.686,11.234],[-5.569,-11.232],[-1.971,-15.36],[2.686,-11.232],[5.569,11.234]]},"ix":2}},{"ty":"fl","bm":0,"hd":false,"mn":"ADBE Vector Graphic - Fill","nm":"Fill 1","c":{"a":0,"k":[0.0667,0.7176,0.698],"ix":4},"r":1,"o":{"a":0,"k":100,"ix":5}},{"ty":"tr","a":{"a":0,"k":[0,0],"ix":1},"s":{"a":0,"k":[100,100],"ix":3},"sk":{"a":0,"k":0,"ix":4},"p":{"a":0,"k":[170.165,88.577],"ix":2},"r":{"a":0,"k":0,"ix":6},"sa":{"a":0,"k":0,"ix":5},"o":{"a":0,"k":100,"ix":7}}]},{"ty":"gr","bm":0,"hd":false,"mn":"ADBE Vector Group","nm":"Group 43","ix":43,"cix":2,"np":2,"it":[{"ty":"sh","bm":0,"hd":false,"mn":"ADBE Vector Shape - Group","nm":"Path 1","ix":1,"d":1,"ks":{"a":0,"k":{"c":true,"i":[[-0.021,0.025],[-0.022,0.025],[-0.022,0.025],[-0.021,0.026],[-0.022,0.026],[-0.022,0.024],[-0.021,0.025],[-0.022,0.024],[-0.022,0.026],[-0.021,0.026],[-0.021,0.024],[-0.022,0.025],[-0.021,0.025],[-0.022,0.025],[-0.022,0.026],[-0.022,0.024],[-0.021,0.025],[-0.022,0.025],[-0.021,0.026],[-0.022,0.026],[-0.022,0.025],[-0.022,0.025],[-0.022,0.025],[-0.022,0.026],[-0.022,0.026],[-0.022,0.024],[-0.022,0.025],[-0.022,0.024],[-0.022,0.026],[-0.022,0.026],[-0.022,0.024],[-0.022,0.025],[-0.022,0.025],[-0.022,0.026],[-0.022,0.026],[-0.022,0.025],[-0.022,0.025],[-0.022,0.025],[-0.022,0.026],[-0.022,0.026],[-0.022,0.025],[-0.022,0.025],[-0.022,0.025],[-0.022,0.026],[-0.022,0.026],[-0.022,0.024],[-0.022,0.025],[-0.022,0.024],[-0.022,0.026],[-0.022,0.026],[-0.022,0.024],[-0.022,0.025],[-0.022,0.025],[-0.022,0.026],[-0.021,0.026],[-0.022,0.025],[-0.022,0.025],[-0.022,0.025],[-0.022,0.026],[-0.022,0.026],[-0.021,0.025],[-0.022,0.025],[-0.021,0.025],[-0.022,0.026],[-0.022,0.026],[-0.022,0.024],[-0.021,0.025],[-0.022,0.024],[-0.022,0.026],[-0.022,0.026],[-0.022,0.024],[-0.022,0.025],[-0.022,0.025],[-0.022,0.026],[-0.022,0.026],[-0.022,0.025],[-0.022,0.025],[-0.022,0.025],[-0.022,0.026],[-0.022,0.026],[-0.022,0.025],[-0.022,0.025],[-0.021,0.025],[-0.022,0.026],[-0.022,0.026],[-0.022,0.024],[-0.022,0.025],[-0.022,0.024],[-0.022,0.026],[-0.022,0.026],[-0.022,0.024],[-0.022,0.025],[-0.022,0.025],[-0.022,0.026],[-0.022,0.026],[-0.022,0.025],[-0.022,0.025],[-0.022,0.025],[-0.022,0.026],[-0.022,0.026],[-0.021,0.024],[-0.022,0.025],[-0.022,0.025],[-0.022,0.026],[-0.022,0.026],[-0.022,0.024],[-0.022,0.025],[-0.022,0.024],[-0.022,0.026],[-0.022,0.026],[-0.022,0.024],[-0.022,0.025],[-0.022,0.025],[-0.022,0.026],[-0.022,0.026],[-0.022,0.025],[-0.022,0.025],[-0.022,0.025],[-0.022,0.026],[-0.022,0.026],[-0.022,0.024],[-0.022,0.025],[-0.022,0.025],[-0.022,0.026],[-0.022,0.026],[-0.022,0.024],[-0.022,0.025],[-0.021,0.024],[-0.022,0.026],[-0.022,0.026],[-0.022,0.024],[-0.022,0.025],[-0.021,0.025],[-0.022,0.026],[-0.022,0.026],[-0.022,0.025],[-0.022,0.025],[-0.022,0.025],[-0.022,0.026],[-0.022,0.026],[-0.022,0.024],[-0.022,0.025],[-0.022,0.025],[-0.022,0.026],[-0.022,0.026],[-0.022,0.024],[-0.022,0.025],[-0.021,0.024],[-0.022,0.026],[-0.022,0.026],[-0.021,0.024],[-0.022,0.025],[-0.021,0.025],[-0.022,0.026],[-0.021,0.026],[-0.022,0.025],[-0.021,0.025],[-0.022,0.025],[-0.022,0.026],[-0.022,0.026],[-0.022,0.024],[-0.021,0.025],[-0.022,0.025],[-0.021,0.026],[-0.022,0.026],[-0.022,0.024],[-0.022,0.025],[-0.021,0.025],[-0.022,0.025],[-0.022,0.026],[-0.021,0.024],[-0.022,0.025],[-0.021,0.025],[-0.022,0.026],[-0.022,0.026],[-0.022,0.025],[-0.021,0.025],[-0.022,0.025],[-0.021,0.026],[-0.022,0.026],[-0.022,0.024],[-0.022,0.025],[-0.022,0.025],[-0.022,0.026],[-0.021,0.026],[-0.021,0.024],[-0.022,0.025],[-0.022,0.025],[-0.022,0.025],[-0.022,0.026],[-0.022,0.024],[-0.021,0.025],[-0.022,0.025],[-0.022,0.026],[-0.022,0.026],[-0.022,0.025],[-0.022,0.025],[-0.022,0.025],[-0.022,0.026],[0.631,4.917],[0,0],[9.793,0],[0,0],[2.798,-3.229],[0.021,-0.025],[0.022,-0.024],[0.022,-0.026],[0.022,-0.026],[0.021,-0.026],[0.022,-0.026],[0,0],[0,0],[0.022,-0.026],[0.021,-0.026],[0.022,-0.026],[0,0],[0.022,-0.026],[0,0],[0.022,-0.026],[0.021,-0.026],[0.022,-0.024],[0.022,-0.026],[0.022,-0.026],[0.022,-0.026],[0.022,-0.025],[0.022,-0.024],[0.021,-0.026],[0.022,-0.026],[0.022,-0.026],[0.022,-0.026],[0,0],[0,0],[0.022,-0.026],[0.021,-0.026],[0.022,-0.026],[0,0],[0.022,-0.026],[0.022,-0.026],[0.022,-0.025],[0.022,-0.026],[0.022,-0.024],[0.022,-0.026],[0.022,-0.026],[0.022,-0.026],[0.022,-0.026],[0.022,-0.025],[0.022,-0.026],[0.022,-0.026],[0.022,-0.026],[0.022,-0.026],[0,0],[0.022,-0.025],[0.022,-0.026],[0.022,-0.026],[0.022,-0.026],[0,0],[0.022,-0.026],[0.022,-0.026],[0.021,-0.025],[0.022,-0.026],[0.022,-0.024],[0.022,-0.026],[0.022,-0.026],[0.022,-0.026],[0.022,-0.026],[0.022,-0.025],[0.022,-0.026],[0.022,-0.026],[0.022,-0.026],[0.022,-0.026],[0,0],[0.021,-0.025],[0.022,-0.026],[0.022,-0.026],[0.022,-0.026],[0.022,-0.024],[0.022,-0.026],[0.022,-0.026],[0.021,-0.025],[0.022,-0.026],[0,0],[0.022,-0.026],[0.021,-0.026],[0.021,-0.026],[0.022,-0.026],[0.021,-0.025],[0.022,-0.026],[0.022,-0.026],[0.022,-0.026],[0.021,-0.026],[0.022,-0.024],[0.021,-0.025],[0.022,-0.026],[0.022,-0.026],[0.022,-0.026],[0.021,-0.024],[0.022,-0.026],[0.022,-0.026],[0.022,-0.025],[0.022,-0.026],[0,0],[0.021,-0.026],[0.021,-0.026],[0.022,-0.026],[0.022,-0.026],[0.021,-0.025],[0.022,-0.026],[0.022,-0.026],[0.022,-0.026],[0.021,-0.026],[0.022,-0.024],[0.022,-0.026],[0.022,-0.025],[0.022,-0.026],[0.022,-0.026],[0,0],[0.021,-0.026],[0.021,-0.026],[0.022,-0.025],[0.022,-0.026],[0,0],[0.022,-0.026],[0.022,-0.026],[0.022,-0.026],[0.022,-0.026],[0.022,-0.025],[0.022,-0.026],[0.022,-0.026],[0.022,-0.026],[0.022,-0.026],[0.022,-0.024],[0.022,-0.026],[0.022,-0.025],[0.022,-0.026],[0.022,-0.026],[0,0],[0.022,-0.026],[0.022,-0.026],[0.021,-0.025],[0.022,-0.026],[0,0],[0.022,-0.026],[0.022,-0.026],[0.022,-0.026],[0.022,-0.026],[0.022,-0.025],[0.022,-0.026],[0.022,-0.026],[0.021,-0.026],[0.022,-0.026],[0,0],[0.022,-0.026],[0.022,-0.025],[0.022,-0.026],[0.022,-0.026],[0,0],[0.022,-0.026],[0.022,-0.026],[0.022,-0.026],[0.022,-0.025],[0.022,-0.024],[0.022,-0.026],[0.022,-0.026],[0.022,-0.026],[0.022,-0.026],[0.021,-0.025],[0.022,-0.026],[0.022,-0.026],[0.021,-0.026],[0.022,-0.026],[0,0],[0.021,-0.026],[0,0],[0.022,-0.026],[0.022,-0.026],[0,0],[0.022,-0.026],[0.021,-0.026],[0.022,-0.026],[0.022,-0.025],[0.022,-0.024],[0.022,-0.026],[0.022,-0.026],[0.021,-0.026],[0.022,-0.026],[0,0],[0,0],[0.022,-0.026],[0.021,-0.026],[0.021,-0.026],[0,0],[0.022,-0.026],[0.021,-0.026],[0.022,-0.025],[0.022,-0.026],[0,0],[0.022,-0.026],[0.022,-0.026],[0.022,-0.026],[0.022,-0.026],[0.022,-0.025],[0.021,-0.026],[0.022,-0.026],[-0.632,-4.918],[0,0],[-9.793,0],[0,0],[-2.798,3.23]],"o":[[0.022,-0.025],[0.022,-0.026],[0.022,-0.025],[0.022,-0.024],[0.022,-0.024],[0.022,-0.025],[0.022,-0.026],[0.022,-0.026],[0.022,-0.024],[0.022,-0.024],[0.022,-0.025],[0.021,-0.026],[0.022,-0.025],[0.022,-0.025],[0.022,-0.024],[0.022,-0.025],[0.022,-0.026],[0.022,-0.025],[0.022,-0.024],[0.022,-0.024],[0.022,-0.025],[0.022,-0.026],[0.022,-0.025],[0.022,-0.024],[0.022,-0.024],[0.022,-0.025],[0.022,-0.026],[0.022,-0.026],[0.022,-0.024],[0.022,-0.024],[0.022,-0.025],[0.022,-0.026],[0.022,-0.025],[0.022,-0.024],[0.022,-0.025],[0.022,-0.025],[0.022,-0.026],[0.022,-0.025],[0.022,-0.024],[0.022,-0.024],[0.022,-0.025],[0.022,-0.026],[0.022,-0.025],[0.022,-0.024],[0.022,-0.024],[0.022,-0.025],[0.022,-0.026],[0.022,-0.026],[0.022,-0.024],[0.022,-0.024],[0.022,-0.025],[0.022,-0.026],[0.022,-0.025],[0.022,-0.024],[0.022,-0.025],[0.022,-0.025],[0.022,-0.026],[0.022,-0.025],[0.022,-0.024],[0.022,-0.024],[0.022,-0.025],[0.022,-0.026],[0.023,-0.025],[0.022,-0.024],[0.022,-0.024],[0.022,-0.025],[0.022,-0.026],[0.022,-0.026],[0.022,-0.024],[0.022,-0.024],[0.022,-0.025],[0.022,-0.026],[0.022,-0.025],[0.022,-0.024],[0.022,-0.025],[0.022,-0.025],[0.022,-0.026],[0.022,-0.025],[0.022,-0.024],[0.022,-0.024],[0.022,-0.025],[0.022,-0.026],[0.022,-0.025],[0.022,-0.024],[0.022,-0.024],[0.022,-0.025],[0.022,-0.026],[0.022,-0.026],[0.022,-0.024],[0.022,-0.024],[0.022,-0.025],[0.022,-0.026],[0.022,-0.025],[0.022,-0.024],[0.022,-0.025],[0.022,-0.025],[0.022,-0.026],[0.022,-0.025],[0.022,-0.024],[0.022,-0.024],[0.022,-0.025],[0.022,-0.025],[0.022,-0.025],[0.022,-0.024],[0.022,-0.024],[0.022,-0.025],[0.022,-0.026],[0.022,-0.026],[0.022,-0.024],[0.022,-0.024],[0.022,-0.025],[0.022,-0.026],[0.022,-0.025],[0.022,-0.024],[0.022,-0.025],[0.022,-0.025],[0.022,-0.026],[0.022,-0.025],[0.022,-0.024],[0.022,-0.024],[0.022,-0.025],[0.022,-0.025],[0.022,-0.025],[0.022,-0.024],[0.022,-0.024],[0.022,-0.025],[0.022,-0.026],[0.023,-0.026],[0.022,-0.024],[0.022,-0.024],[0.022,-0.025],[0.022,-0.026],[0.023,-0.025],[0.022,-0.024],[0.022,-0.025],[0.022,-0.025],[0.022,-0.026],[0.022,-0.025],[0.022,-0.024],[0.022,-0.024],[0.022,-0.025],[0.022,-0.025],[0.022,-0.025],[0.022,-0.024],[0.022,-0.024],[0.022,-0.025],[0.022,-0.026],[0.022,-0.026],[0.022,-0.024],[0.021,-0.024],[0.023,-0.025],[0.021,-0.026],[0.023,-0.025],[0.022,-0.024],[0.023,-0.025],[0.021,-0.025],[0.022,-0.026],[0.022,-0.025],[0.022,-0.024],[0.022,-0.024],[0.022,-0.025],[0.022,-0.025],[0.022,-0.025],[0.022,-0.024],[0.022,-0.024],[0.022,-0.025],[0.022,-0.026],[0.022,-0.025],[0.022,-0.025],[0.022,-0.024],[0.022,-0.025],[0.021,-0.026],[0.022,-0.025],[0.021,-0.024],[0.022,-0.025],[0.022,-0.025],[0.022,-0.026],[0.022,-0.025],[0.023,-0.024],[0.021,-0.024],[0.022,-0.025],[0.022,-0.025],[0.022,-0.025],[0.022,-0.024],[0.023,-0.024],[0.022,-0.025],[0.022,-0.026],[0.022,-0.025],[0.022,-0.025],[0.022,-0.024],[0.022,-0.025],[0.022,-0.026],[0.022,-0.025],[0.022,-0.024],[0.022,-0.025],[0.022,-0.025],[0.022,-0.026],[0.022,-0.025],[2.821,-3.211],[0,0],[-1.257,-9.793],[0,0],[-4.914,0],[-0.022,0.024],[-0.022,0.026],[-0.022,0.026],[-0.022,0.025],[-0.022,0.025],[-0.022,0.024],[0,0],[0,0],[-0.022,0.026],[-0.021,0.025],[-0.022,0.024],[0,0],[-0.022,0.026],[0,0],[-0.022,0.025],[-0.022,0.024],[-0.023,0.025],[-0.022,0.026],[-0.022,0.025],[-0.022,0.025],[-0.022,0.024],[-0.022,0.026],[-0.023,0.026],[-0.023,0.025],[-0.021,0.025],[-0.022,0.024],[0,0],[0,0],[-0.022,0.026],[-0.022,0.025],[-0.022,0.024],[0,0],[-0.022,0.026],[-0.022,0.025],[-0.022,0.025],[-0.022,0.025],[-0.022,0.025],[-0.022,0.026],[-0.022,0.025],[-0.022,0.025],[-0.022,0.024],[-0.022,0.025],[-0.022,0.025],[-0.022,0.025],[-0.022,0.025],[-0.022,0.024],[0,0],[-0.022,0.025],[-0.022,0.026],[-0.022,0.025],[-0.022,0.024],[0,0],[-0.022,0.026],[-0.022,0.025],[-0.022,0.025],[-0.022,0.025],[-0.022,0.025],[-0.022,0.026],[-0.022,0.025],[-0.022,0.025],[-0.022,0.024],[-0.022,0.025],[-0.022,0.025],[-0.022,0.025],[-0.022,0.025],[-0.022,0.024],[0,0],[-0.022,0.025],[-0.023,0.026],[-0.022,0.025],[-0.022,0.024],[-0.022,0.025],[-0.022,0.026],[-0.022,0.025],[-0.021,0.025],[-0.022,0.025],[0,0],[-0.022,0.026],[-0.022,0.025],[-0.022,0.025],[-0.022,0.024],[-0.022,0.025],[-0.023,0.025],[-0.022,0.025],[-0.021,0.025],[-0.022,0.024],[-0.023,0.025],[-0.021,0.025],[-0.023,0.026],[-0.022,0.025],[-0.021,0.024],[-0.022,0.025],[-0.022,0.026],[-0.022,0.025],[-0.021,0.025],[-0.022,0.025],[0,0],[-0.022,0.026],[-0.022,0.025],[-0.022,0.025],[-0.022,0.024],[-0.022,0.025],[-0.022,0.025],[-0.022,0.025],[-0.022,0.025],[-0.022,0.024],[-0.022,0.025],[-0.022,0.026],[-0.021,0.025],[-0.022,0.025],[-0.022,0.024],[0,0],[-0.022,0.026],[-0.022,0.025],[-0.022,0.025],[-0.022,0.025],[0,0],[-0.022,0.026],[-0.022,0.025],[-0.022,0.025],[-0.022,0.024],[-0.022,0.025],[-0.022,0.025],[-0.022,0.025],[-0.022,0.025],[-0.022,0.024],[-0.022,0.025],[-0.022,0.026],[-0.022,0.025],[-0.022,0.025],[-0.022,0.024],[0,0],[-0.022,0.026],[-0.022,0.025],[-0.022,0.025],[-0.023,0.025],[0,0],[-0.022,0.026],[-0.022,0.025],[-0.022,0.025],[-0.022,0.024],[-0.022,0.025],[-0.022,0.025],[-0.022,0.025],[-0.022,0.025],[-0.023,0.024],[0,0],[-0.022,0.026],[-0.022,0.025],[-0.022,0.025],[-0.021,0.024],[0,0],[-0.022,0.026],[-0.022,0.025],[-0.022,0.025],[-0.022,0.024],[-0.021,0.026],[-0.022,0.026],[-0.022,0.025],[-0.022,0.025],[-0.022,0.024],[-0.022,0.025],[-0.022,0.025],[-0.022,0.025],[-0.022,0.025],[-0.023,0.024],[0,0],[-0.022,0.026],[0,0],[-0.022,0.025],[-0.022,0.024],[0,0],[-0.022,0.026],[-0.022,0.025],[-0.022,0.025],[-0.022,0.024],[-0.022,0.026],[-0.022,0.026],[-0.022,0.025],[-0.022,0.025],[-0.022,0.024],[0,0],[0,0],[-0.022,0.026],[-0.021,0.025],[-0.022,0.024],[0,0],[-0.022,0.026],[-0.022,0.025],[-0.022,0.025],[-0.022,0.025],[0,0],[-0.022,0.026],[-0.022,0.025],[-0.022,0.025],[-0.022,0.024],[-0.022,0.025],[-0.022,0.025],[-0.022,0.025],[-2.821,3.212],[0,0],[1.256,9.793],[0,0],[4.914,0],[0.022,-0.024]],"v":[[79.032,138.452],[79.098,138.377],[79.164,138.302],[79.23,138.226],[79.297,138.151],[79.363,138.077],[79.428,138.002],[79.494,137.929],[79.56,137.851],[79.626,137.776],[79.692,137.702],[79.759,137.627],[79.824,137.552],[79.89,137.477],[79.956,137.401],[80.022,137.327],[80.088,137.252],[80.154,137.177],[80.22,137.101],[80.286,137.026],[80.352,136.952],[80.418,136.877],[80.484,136.802],[80.55,136.726],[80.616,136.651],[80.682,136.577],[80.748,136.502],[80.814,136.429],[80.88,136.351],[80.946,136.276],[81.012,136.202],[81.078,136.127],[81.144,136.052],[81.21,135.976],[81.276,135.903],[81.342,135.827],[81.408,135.752],[81.474,135.677],[81.54,135.601],[81.606,135.526],[81.672,135.452],[81.738,135.377],[81.804,135.302],[81.87,135.226],[81.936,135.151],[82.002,135.077],[82.068,135.002],[82.134,134.929],[82.2,134.851],[82.266,134.776],[82.332,134.702],[82.398,134.627],[82.464,134.552],[82.53,134.476],[82.595,134.403],[82.662,134.327],[82.728,134.252],[82.794,134.177],[82.86,134.101],[82.926,134.026],[82.991,133.952],[83.058,133.877],[83.123,133.802],[83.19,133.726],[83.256,133.651],[83.322,133.577],[83.387,133.502],[83.453,133.429],[83.52,133.351],[83.586,133.276],[83.652,133.202],[83.718,133.127],[83.783,133.052],[83.849,132.976],[83.915,132.903],[83.982,132.827],[84.048,132.752],[84.114,132.677],[84.179,132.601],[84.245,132.526],[84.311,132.452],[84.378,132.377],[84.443,132.302],[84.51,132.226],[84.575,132.151],[84.641,132.077],[84.707,132.002],[84.773,131.929],[84.84,131.851],[84.906,131.776],[84.971,131.702],[85.037,131.627],[85.103,131.552],[85.169,131.476],[85.235,131.403],[85.302,131.327],[85.367,131.252],[85.433,131.177],[85.499,131.101],[85.565,131.026],[85.631,130.952],[85.697,130.877],[85.763,130.802],[85.829,130.726],[85.895,130.651],[85.961,130.577],[86.027,130.502],[86.093,130.429],[86.159,130.351],[86.225,130.276],[86.291,130.202],[86.357,130.127],[86.423,130.052],[86.489,129.976],[86.555,129.903],[86.621,129.827],[86.687,129.752],[86.753,129.677],[86.819,129.601],[86.885,129.526],[86.951,129.452],[87.017,129.377],[87.083,129.302],[87.149,129.226],[87.215,129.151],[87.281,129.077],[87.347,129.002],[87.412,128.929],[87.479,128.851],[87.545,128.776],[87.611,128.702],[87.677,128.627],[87.742,128.552],[87.809,128.476],[87.875,128.403],[87.941,128.327],[88.007,128.252],[88.073,128.177],[88.139,128.101],[88.205,128.026],[88.271,127.952],[88.337,127.877],[88.403,127.802],[88.469,127.726],[88.535,127.651],[88.601,127.577],[88.667,127.502],[88.732,127.429],[88.799,127.351],[88.865,127.276],[88.93,127.202],[88.997,127.127],[89.062,127.052],[89.129,126.976],[89.194,126.903],[89.261,126.827],[89.326,126.752],[89.392,126.677],[89.459,126.601],[89.525,126.526],[89.591,126.452],[89.656,126.377],[89.722,126.302],[89.788,126.226],[89.855,126.151],[89.921,126.077],[89.987,126.002],[90.052,125.927],[90.118,125.852],[90.184,125.776],[90.25,125.702],[90.317,125.627],[90.382,125.552],[90.449,125.476],[90.514,125.403],[90.58,125.327],[90.646,125.252],[90.712,125.177],[90.778,125.101],[90.845,125.026],[90.91,124.952],[90.976,124.877],[91.042,124.802],[91.108,124.726],[91.174,124.651],[91.24,124.577],[91.306,124.502],[91.372,124.427],[91.438,124.352],[91.504,124.276],[91.57,124.202],[91.636,124.127],[91.702,124.052],[91.768,123.976],[91.834,123.903],[91.9,123.827],[91.966,123.752],[92.032,123.677],[92.098,123.601],[95.72,111.024],[65.303,-126.025],[45.295,-143.757],[-67.065,-143.757],[-78.966,-138.528],[-79.031,-138.454],[-79.098,-138.378],[-79.164,-138.303],[-79.23,-138.227],[-79.295,-138.153],[-79.362,-138.077],[-79.427,-138.003],[-79.493,-137.929],[-79.56,-137.852],[-79.625,-137.778],[-79.692,-137.702],[-79.758,-137.628],[-79.823,-137.553],[-79.889,-137.479],[-79.955,-137.403],[-80.021,-137.327],[-80.088,-137.253],[-80.154,-137.178],[-80.219,-137.102],[-80.285,-137.028],[-80.351,-136.954],[-80.417,-136.878],[-80.483,-136.803],[-80.55,-136.727],[-80.615,-136.653],[-80.681,-136.577],[-80.747,-136.503],[-80.813,-136.429],[-80.879,-136.352],[-80.945,-136.278],[-81.011,-136.202],[-81.077,-136.128],[-81.143,-136.053],[-81.209,-135.977],[-81.275,-135.903],[-81.341,-135.827],[-81.407,-135.753],[-81.473,-135.678],[-81.539,-135.602],[-81.605,-135.528],[-81.671,-135.452],[-81.737,-135.378],[-81.803,-135.303],[-81.869,-135.227],[-81.935,-135.153],[-82.001,-135.077],[-82.067,-135.003],[-82.133,-134.929],[-82.199,-134.852],[-82.265,-134.778],[-82.331,-134.702],[-82.397,-134.628],[-82.463,-134.553],[-82.529,-134.477],[-82.594,-134.403],[-82.661,-134.327],[-82.727,-134.253],[-82.793,-134.178],[-82.859,-134.102],[-82.925,-134.028],[-82.991,-133.952],[-83.057,-133.878],[-83.123,-133.803],[-83.189,-133.727],[-83.255,-133.653],[-83.321,-133.577],[-83.387,-133.503],[-83.452,-133.429],[-83.519,-133.352],[-83.585,-133.278],[-83.651,-133.202],[-83.717,-133.128],[-83.783,-133.053],[-83.849,-132.977],[-83.914,-132.903],[-83.981,-132.827],[-84.047,-132.753],[-84.113,-132.678],[-84.178,-132.602],[-84.244,-132.528],[-84.311,-132.452],[-84.376,-132.378],[-84.443,-132.303],[-84.509,-132.227],[-84.574,-132.153],[-84.64,-132.077],[-84.707,-132.003],[-84.772,-131.929],[-84.839,-131.852],[-84.905,-131.778],[-84.97,-131.702],[-85.036,-131.628],[-85.103,-131.553],[-85.169,-131.477],[-85.234,-131.403],[-85.301,-131.327],[-85.366,-131.253],[-85.432,-131.178],[-85.498,-131.102],[-85.564,-131.028],[-85.631,-130.952],[-85.696,-130.878],[-85.762,-130.803],[-85.828,-130.727],[-85.894,-130.653],[-85.96,-130.577],[-86.027,-130.503],[-86.093,-130.428],[-86.158,-130.354],[-86.224,-130.278],[-86.29,-130.202],[-86.356,-130.128],[-86.422,-130.053],[-86.488,-129.977],[-86.554,-129.903],[-86.62,-129.827],[-86.686,-129.753],[-86.752,-129.678],[-86.818,-129.602],[-86.884,-129.528],[-86.95,-129.452],[-87.016,-129.378],[-87.082,-129.303],[-87.148,-129.227],[-87.214,-129.153],[-87.28,-129.077],[-87.346,-129.003],[-87.412,-128.928],[-87.478,-128.854],[-87.544,-128.778],[-87.61,-128.702],[-87.676,-128.628],[-87.742,-128.553],[-87.808,-128.477],[-87.873,-128.403],[-87.94,-128.327],[-88.006,-128.253],[-88.072,-128.178],[-88.138,-128.102],[-88.204,-128.028],[-88.27,-127.952],[-88.336,-127.878],[-88.402,-127.803],[-88.468,-127.727],[-88.533,-127.653],[-88.6,-127.577],[-88.666,-127.503],[-88.732,-127.428],[-88.798,-127.354],[-88.864,-127.278],[-88.93,-127.202],[-88.996,-127.128],[-89.062,-127.053],[-89.128,-126.977],[-89.194,-126.903],[-89.26,-126.829],[-89.326,-126.753],[-89.392,-126.678],[-89.458,-126.602],[-89.524,-126.528],[-89.59,-126.452],[-89.655,-126.378],[-89.722,-126.303],[-89.788,-126.227],[-89.853,-126.153],[-89.92,-126.077],[-89.986,-126.003],[-90.051,-125.928],[-90.117,-125.854],[-90.183,-125.778],[-90.25,-125.702],[-90.316,-125.628],[-90.382,-125.553],[-90.447,-125.477],[-90.513,-125.403],[-90.579,-125.329],[-90.646,-125.253],[-90.712,-125.178],[-90.778,-125.102],[-90.843,-125.028],[-90.909,-124.952],[-90.975,-124.878],[-91.041,-124.804],[-91.108,-124.727],[-91.173,-124.653],[-91.239,-124.577],[-91.305,-124.503],[-91.371,-124.428],[-91.437,-124.352],[-91.503,-124.278],[-91.57,-124.202],[-91.635,-124.128],[-91.701,-124.053],[-91.767,-123.977],[-91.833,-123.903],[-91.899,-123.827],[-91.965,-123.753],[-92.031,-123.678],[-92.097,-123.602],[-95.719,-111.025],[-65.301,126.024],[-45.294,143.757],[67.066,143.757],[78.967,138.526]]},"ix":2}},{"ty":"fl","bm":0,"hd":false,"mn":"ADBE Vector Graphic - Fill","nm":"Fill 1","c":{"a":0,"k":[0.0667,0.7176,0.698],"ix":4},"r":1,"o":{"a":0,"k":100,"ix":5}},{"ty":"tr","a":{"a":0,"k":[0,0],"ix":1},"s":{"a":0,"k":[100,100],"ix":3},"sk":{"a":0,"k":0,"ix":4},"p":{"a":0,"k":[96.601,144.008],"ix":2},"r":{"a":0,"k":0,"ix":6},"sa":{"a":0,"k":0,"ix":5},"o":{"a":0,"k":100,"ix":7}}]}],"ind":9}],"v":"5.6.8","fr":30,"op":120,"ip":0,"assets":[]}